id,loan_amnt,term,int_rate,installment,grade,sub_grade,emp_length,home_ownership,annual_inc,issue_d,loan_status,purpose,addr_state,fico_range_low,fico_range_high,total_pymnt,total_rec_prncp,total_rec_int,last_pymnt_d
85540387,9000.0, 36 months,9.49,288.26,B,B2,10+ years,MORTGAGE,42000.0,2016-07-01,Fully Paid,debt_consolidation,IL,740.0,744.0,10061.3455744128,9000.0,1061.35,2018-02-01
28112500,8000.0, 36 months,6.03,243.49,A,A1,5 years,RENT,76000.0,2014-10-01,Fully Paid,debt_consolidation,NY,710.0,714.0,8765.4140619412,8000.0,765.41,2017-10-01
65731570,25000.0, 36 months,12.05,830.96,C,C1,5 years,MORTGAGE,62500.0,2015-11-01,Fully Paid,credit_card,IL,700.0,704.0,29478.834912835096,25000.0,4478.83,2018-02-01
65874747,19550.0, 60 months,20.99,528.79,E,E5,3 years,MORTGAGE,51000.0,2015-12-01,Charged Off,debt_consolidation,IL,670.0,674.0,7232.18,2022.41,3396.01,2016-10-01
57893355,10400.0, 36 months,18.25,377.3,E,E1,3 years,RENT,50000.0,2015-08-01,Fully Paid,moving,IL,680.0,684.0,13571.808491843,10400.0,3171.81,2018-08-01
80589347,20000.0, 36 months,14.46,688.03,C,C4,5 years,RENT,110000.0,2016-06-01,Fully Paid,small_business,CA,710.0,714.0,22105.548956695297,20000.0,2105.55,2017-03-01
36381174,35000.0, 36 months,10.49,1137.43,B,B3,< 1 year,MORTGAGE,130000.0,2014-12-01,Fully Paid,debt_consolidation,FL,725.0,729.0,38236.8,35000.0,3236.8,2015-12-01
624831,6400.0, 60 months,15.57,154.18,D,D5,1 year,RENT,27000.0,2010-12-01,Fully Paid,debt_consolidation,FL,690.0,694.0,9246.9715106817,6400.0,2846.97,2015-12-01
44065675,9875.0, 36 months,15.61,345.28,D,D1,3 years,MORTGAGE,41000.0,2015-03-01,Fully Paid,debt_consolidation,NC,665.0,669.0,11009.42,9875.0,1134.42,2015-12-01
771518,21250.0, 60 months,12.99,483.4,C,C1,Unknown,MORTGAGE,41700.0,2011-06-01,Fully Paid,other,MI,760.0,764.0,29003.500029464,21250.0,7753.5,2016-06-01
62336611,12000.0, 36 months,13.33,406.24,C,C3,10+ years,RENT,49000.0,2015-10-01,Fully Paid,credit_card,MD,665.0,669.0,14016.8497038064,12000.0,2016.85,2017-06-01
1307874,15000.0, 36 months,21.97,572.63,E,E5,10+ years,MORTGAGE,70000.0,2012-05-01,Fully Paid,debt_consolidation,NY,690.0,694.0,20614.3800274995,15000.0,5614.38,2015-06-01
44965290,16825.0, 60 months,18.84,434.97,E,E2,6 years,RENT,42765.0,2015-04-01,Fully Paid,debt_consolidation,CA,700.0,704.0,23642.519179398,16825.0,6817.52,2017-11-01
120597135,6000.0, 36 months,10.42,194.79,B,B3,5 years,MORTGAGE,105000.0,2017-10-01,Fully Paid,car,GA,700.0,704.0,6026.0533333339,6000.0,26.05,2017-11-01
48574629,20000.0, 60 months,18.25,510.6,E,E1,10+ years,MORTGAGE,75000.0,2015-05-01,Fully Paid,debt_consolidation,CA,675.0,679.0,24968.75,20000.0,4968.75,2016-11-01
61539497,12000.0, 36 months,13.33,406.24,C,C3,10+ years,MORTGAGE,53000.0,2015-10-01,Fully Paid,debt_consolidation,MO,685.0,689.0,14694.56965303,12000.0,2613.33,2018-11-01
115299677,4200.0, 36 months,7.21,130.09,A,A3,8 years,OWN,50000.0,2017-08-01,Fully Paid,debt_consolidation,NY,810.0,814.0,4201.045380000301,4200.0,1.05,2017-08-01
26230338,10000.0, 36 months,19.52,369.2,E,E2,10+ years,RENT,51600.0,2014-09-01,Fully Paid,credit_card,CA,700.0,704.0,13290.939758274098,10000.0,3290.94,2017-09-01
6568688,6500.0, 36 months,6.03,197.84,A,A1,1 year,MORTGAGE,65000.0,2013-08-01,Fully Paid,home_improvement,PA,795.0,799.0,7048.16,6500.0,548.16,2015-09-01
12465554,10000.0, 36 months,14.64,344.9,C,C3,< 1 year,RENT,40000.0,2014-04-01,Fully Paid,major_purchase,HI,665.0,669.0,11751.59,10000.0,1751.59,2015-11-01
107695926,10000.0, 60 months,16.02,243.29,C,C5,10+ years,MORTGAGE,33000.0,2017-06-01,Fully Paid,debt_consolidation,AL,700.0,704.0,11793.397926513,10000.0,1793.4,2018-09-01
58572751,8500.0, 36 months,7.89,265.93,A,A5,2 years,RENT,41000.0,2015-08-01,Fully Paid,debt_consolidation,TX,685.0,689.0,9565.684521972,8500.0,1065.68,2018-08-01
1303972,11500.0, 36 months,12.12,382.63,B,B3,6 years,OWN,31000.0,2012-05-01,Fully Paid,debt_consolidation,CA,685.0,689.0,13639.8741610764,11500.0,2139.87,2014-10-01
3369133,7350.0, 36 months,12.12,244.55,B,B3,8 years,RENT,27500.0,2013-02-01,Fully Paid,debt_consolidation,NV,720.0,724.0,8631.8099962833,7350.0,1281.81,2015-03-01
45724459,5000.0, 36 months,16.99,178.24,D,D3,3 years,RENT,21000.0,2015-04-01,Charged Off,other,OH,670.0,674.0,1375.91,326.93,203.07,2015-07-01
55554602,5000.0, 36 months,7.26,154.99,A,A4,2 years,RENT,25000.0,2015-07-01,Fully Paid,credit_card,TX,705.0,709.0,5486.7600716292,5000.0,486.76,2017-05-01
40481658,12000.0, 60 months,14.31,281.16,C,C4,4 years,OWN,35000.0,2015-02-01,Fully Paid,debt_consolidation,FL,680.0,684.0,14982.905227329,12000.0,2982.91,2017-06-01
125812458,15200.0, 60 months,12.62,342.9,C,C1,2 years,RENT,75000.0,2017-12-01,Fully Paid,credit_card,NC,670.0,674.0,15207.570168888898,15200.0,7.57,2017-12-01
48130161,35000.0, 60 months,15.61,843.9,D,D1,10+ years,MORTGAGE,110000.0,2015-05-01,Fully Paid,debt_consolidation,NV,705.0,709.0,41186.1,35000.0,6186.1,2016-08-01
63326292,7500.0, 36 months,11.49,247.29,B,B5,9 years,MORTGAGE,35256.0,2015-11-01,Charged Off,credit_card,MI,710.0,714.0,732.29,531.49,200.8,2016-02-01
85737713,7000.0, 36 months,12.79,235.16,C,C1,10+ years,MORTGAGE,49920.0,2016-08-01,Fully Paid,home_improvement,AZ,690.0,694.0,7673.8942569101,7000.0,673.89,2017-06-01
76618497,35000.0, 60 months,21.97,966.07,E,E4,10+ years,RENT,71000.0,2016-05-01,Fully Paid,debt_consolidation,OH,715.0,719.0,50115.8657287009,35000.0,15115.87,2018-08-01
80005184,24000.0, 36 months,12.99,808.54,C,C2,10+ years,MORTGAGE,68000.0,2016-06-01,Fully Paid,debt_consolidation,KY,685.0,689.0,24848.97,24000.0,848.97,2016-09-01
132024457,2500.0, 36 months,21.85,95.29,D,D5,10+ years,OWN,108555.0,2018-04-01,Fully Paid,other,AZ,685.0,689.0,2909.9093793622,2500.0,409.91,2019-02-01
12266656,23000.0, 60 months,15.61,554.57,C,C5,< 1 year,RENT,72000.0,2014-02-01,Fully Paid,debt_consolidation,GA,705.0,709.0,29656.94,23000.0,6656.94,2016-05-01
130827923,6000.0, 36 months,14.07,205.27,C,C3,1 year,MORTGAGE,50000.0,2018-03-01,Fully Paid,other,MN,685.0,689.0,6679.020050468001,6000.0,679.02,2019-02-01
12346242,15000.0, 36 months,12.49,501.74,B,B4,10+ years,RENT,102000.0,2014-02-01,Fully Paid,debt_consolidation,NY,675.0,679.0,17901.9500173917,15000.0,2901.95,2016-06-01
549198,25000.0, 60 months,18.67,643.99,F,F2,10+ years,MORTGAGE,236004.0,2010-07-01,Fully Paid,debt_consolidation,NJ,680.0,684.0,38521.9300000063,25000.0,13521.93,2015-03-01
39649548,18000.0, 60 months,8.18,366.53,B,B1,7 years,RENT,112000.0,2015-02-01,Fully Paid,debt_consolidation,NY,715.0,719.0,20397.0782804022,18000.0,2397.08,2017-01-01
70610201,14000.0, 36 months,12.99,471.65,C,C2,2 years,RENT,60000.0,2016-02-01,Fully Paid,debt_consolidation,CA,685.0,689.0,16706.9040003384,14000.0,2706.9,2018-04-01
55441998,3000.0, 36 months,12.29,100.06,C,C1,Unknown,RENT,20000.0,2015-07-01,Charged Off,debt_consolidation,MI,695.0,699.0,1315.02,802.97,295.64,2016-06-01
106741362,10000.0, 36 months,13.49,339.31,C,C2,9 years,MORTGAGE,92000.0,2017-04-01,Fully Paid,small_business,WA,675.0,679.0,11786.2104058025,10000.0,1786.21,2019-01-01
5768279,19500.0, 60 months,24.5,566.65,F,F3,3 years,MORTGAGE,56800.0,2013-08-01,Fully Paid,debt_consolidation,CT,670.0,674.0,29461.66,19500.0,9961.66,2016-01-01
125072584,3600.0, 36 months,13.59,122.33,C,C2,8 years,RENT,55000.0,2017-12-01,Fully Paid,other,WA,755.0,759.0,4089.6847380232,3600.0,489.68,2019-03-01
73864491,10500.0, 60 months,11.99,233.52,C,C1,1 year,MORTGAGE,56000.0,2016-03-01,Fully Paid,credit_card,OH,670.0,674.0,12706.6082618424,10500.0,2206.61,2018-04-01
40411146,15000.0, 36 months,11.99,498.15,B,B5,10+ years,OWN,54208.0,2015-02-01,Fully Paid,debt_consolidation,OK,675.0,679.0,17567.293626299,15000.0,2567.29,2017-02-01
73712687,2800.0, 36 months,9.16,89.25,B,B2,10+ years,RENT,50000.0,2016-03-01,Fully Paid,debt_consolidation,MN,665.0,669.0,2921.47,2800.0,121.47,2016-09-01
78589426,14875.0, 36 months,11.99,494.0,C,C1,3 years,RENT,60000.0,2016-05-01,Fully Paid,debt_consolidation,CA,665.0,669.0,17390.1072284324,14875.0,2515.11,2018-04-01
33411005,5000.0, 36 months,7.12,154.66,A,A3,9 years,OWN,98000.0,2014-11-01,Fully Paid,debt_consolidation,CO,695.0,699.0,5453.68,5000.0,453.68,2016-07-01
77585954,22675.0, 60 months,18.99,588.08,D,D4,4 years,OWN,50400.0,2016-05-01,Charged Off,debt_consolidation,NJ,700.0,704.0,12538.0,4396.78,5576.66,2017-11-01
75099769,8000.0, 36 months,5.32,240.92,A,A1,7 years,RENT,45000.0,2016-03-01,Fully Paid,credit_card,IL,785.0,789.0,8572.4426646766,8000.0,572.44,2018-02-01
1021472,2800.0, 36 months,13.49,95.01,C,C1,1 year,RENT,45000.0,2011-11-01,Fully Paid,debt_consolidation,NY,685.0,689.0,3404.552449082601,2800.0,604.55,2014-07-01
83924283,10200.0, 36 months,9.49,326.69,B,B2,1 year,RENT,42000.0,2016-07-01,Fully Paid,credit_card,TX,720.0,724.0,10774.3981186912,10200.0,574.4,2017-03-01
105588551,4000.0, 36 months,24.74,158.49,E,E3,4 years,OWN,18000.0,2017-04-01,Fully Paid,debt_consolidation,PA,660.0,664.0,4255.2879472881,4000.0,255.29,2017-07-01
46185522,20000.0, 60 months,9.99,424.85,B,B3,5 years,MORTGAGE,175000.0,2015-04-01,Fully Paid,debt_consolidation,OR,660.0,664.0,22837.2,20000.0,2837.2,2016-11-01
38141178,4750.0, 36 months,17.14,169.69,D,D4,10+ years,MORTGAGE,63000.0,2015-01-01,Fully Paid,medical,SC,710.0,714.0,5965.25197508,4750.0,1215.25,2017-02-01
33341805,9600.0, 36 months,7.12,296.95,A,A3,10+ years,MORTGAGE,110000.0,2014-11-01,Fully Paid,debt_consolidation,OH,680.0,684.0,10704.4287730295,9600.0,1089.43,2017-12-01
31025995,24000.0, 60 months,15.61,578.68,D,D1,10+ years,MORTGAGE,60000.0,2014-10-01,Fully Paid,credit_card,CT,670.0,674.0,32321.5924813094,24000.0,8321.59,2017-07-01
12917739,10000.0, 36 months,7.9,312.91,A,A4,7 years,RENT,60000.0,2014-03-01,Fully Paid,credit_card,MD,700.0,704.0,11229.1000000124,10000.0,1229.1,2016-09-01
68608786,19800.0, 36 months,15.77,693.87,D,D1,10+ years,RENT,55000.0,2016-01-01,Charged Off,debt_consolidation,CA,675.0,679.0,6884.11,4114.57,2112.91,2016-10-01
102604410,22825.0, 36 months,30.79,978.86,G,G1,4 years,MORTGAGE,134000.0,2017-03-01,Fully Paid,home_improvement,WA,660.0,664.0,25808.7164475867,22825.0,2983.72,2017-08-01
87164323,3025.0, 36 months,11.49,99.74,B,B5,3 years,MORTGAGE,64000.0,2016-08-01,Fully Paid,other,GA,660.0,664.0,3484.6051808352004,3025.0,459.61,2018-04-01
28814064,12000.0, 36 months,12.49,401.39,B,B5,1 year,MORTGAGE,101000.0,2014-10-01,Fully Paid,debt_consolidation,TN,680.0,684.0,14449.864318614,12000.0,2449.86,2017-10-01
47078218,35000.0, 60 months,13.33,802.29,C,C3,10+ years,RENT,200000.0,2015-05-01,Fully Paid,house,NJ,820.0,824.0,35860.94,35000.0,860.94,2015-07-01
130826023,10000.0, 60 months,26.77,303.99,E,E5,10+ years,OWN,48000.0,2018-04-01,Fully Paid,home_improvement,OH,685.0,689.0,11507.369475488,10000.0,1507.37,2018-10-01
84575131,20000.0, 36 months,10.99,654.68,B,B4,1 year,RENT,51000.0,2016-08-01,Fully Paid,other,NC,715.0,719.0,23376.8841454128,20000.0,3376.88,2019-03-01
13516973,20000.0, 36 months,6.03,608.72,A,A1,3 years,RENT,128000.0,2014-04-01,Fully Paid,debt_consolidation,LA,780.0,784.0,21541.11,20000.0,1541.11,2015-12-01
75101508,10000.0, 36 months,6.97,308.64,A,A3,2 years,MORTGAGE,123000.0,2016-03-01,Fully Paid,debt_consolidation,MD,710.0,714.0,10514.7637293246,10000.0,514.76,2017-02-01
65735947,35000.0, 36 months,14.48,1204.4,C,C5,9 years,MORTGAGE,90000.0,2015-12-01,Fully Paid,debt_consolidation,LA,675.0,679.0,39447.78,35000.0,4447.78,2016-11-01
65302275,12000.0, 60 months,12.05,267.24,C,C1,10+ years,MORTGAGE,75000.0,2015-11-01,Fully Paid,credit_card,MI,705.0,709.0,12544.820000406398,12000.0,544.82,2016-05-01
27642276,11000.0, 60 months,13.98,255.84,C,C3,7 years,MORTGAGE,70000.0,2014-10-01,Charged Off,debt_consolidation,CA,680.0,684.0,9025.55,4917.64,3275.31,2017-06-01
14318447,13000.0, 60 months,15.61,313.45,C,C5,10+ years,MORTGAGE,70000.0,2014-05-01,Fully Paid,debt_consolidation,FL,665.0,669.0,18352.3821010137,13000.0,5352.38,2018-01-01
724391,12000.0, 36 months,7.66,374.16,A,A5,4 years,MORTGAGE,50400.0,2011-04-01,Fully Paid,home_improvement,KY,765.0,769.0,13469.6408136096,12000.0,1469.64,2014-05-01
20059586,10000.0, 36 months,13.98,341.68,C,C3,10+ years,MORTGAGE,60000.0,2014-07-01,Fully Paid,credit_card,MI,670.0,674.0,12295.5252997553,10000.0,2295.53,2017-07-01
23863801,20000.0, 60 months,18.99,518.71,E,E1,10+ years,MORTGAGE,53968.0,2014-08-01,Fully Paid,home_improvement,VA,685.0,689.0,23398.95,20000.0,3398.95,2015-07-01
30565904,10725.0, 60 months,22.99,302.29,F,F1,4 years,MORTGAGE,39000.0,2014-11-01,Fully Paid,debt_consolidation,FL,700.0,704.0,13293.37,10725.0,2568.37,2016-01-01
28943292,18000.0, 36 months,17.57,646.87,D,D4,4 years,MORTGAGE,63000.0,2014-10-01,Fully Paid,small_business,TX,675.0,679.0,22568.13,18000.0,4568.13,2016-06-01
22221468,9100.0, 36 months,16.99,324.4,D,D3,10+ years,RENT,50000.0,2014-07-01,Fully Paid,debt_consolidation,RI,705.0,709.0,11347.44,9100.0,2247.44,2016-07-01
5779374,16000.0, 36 months,13.11,539.96,B,B4,2 years,MORTGAGE,65000.0,2013-06-01,Fully Paid,credit_card,GA,695.0,699.0,17696.0335808639,16000.0,1696.03,2014-05-01
46673650,14900.0, 36 months,14.65,513.97,C,C5,Unknown,MORTGAGE,65000.0,2015-04-01,Fully Paid,debt_consolidation,NJ,660.0,664.0,17925.9869423286,14900.0,3025.99,2017-03-01
85664312,15000.0, 36 months,13.49,508.96,C,C2,10+ years,MORTGAGE,175000.0,2016-07-01,Fully Paid,small_business,CA,735.0,739.0,17138.17216253,15000.0,2138.17,2017-10-01
10177807,21600.0, 36 months,11.99,717.33,B,B3,8 years,MORTGAGE,65000.0,2013-12-01,Fully Paid,debt_consolidation,NY,715.0,719.0,25823.7047243696,21600.0,4223.7,2017-01-01
93893269,7200.0, 36 months,16.99,256.67,D,D1,10+ years,OWN,52000.0,2016-12-01,Charged Off,debt_consolidation,FL,680.0,684.0,1975.96,795.87,473.89,2017-05-01
120084144,9000.0, 36 months,9.93,290.11,B,B2,4 years,OWN,30000.0,2017-10-01,Fully Paid,debt_consolidation,NY,735.0,739.0,9813.9119941911,9000.0,813.91,2018-11-01
130889117,12000.0, 60 months,9.92,254.5,B,B2,7 years,MORTGAGE,29916.0,2018-03-01,Fully Paid,debt_consolidation,NE,730.0,734.0,12614.2563807357,12000.0,614.26,2018-10-01
63525706,5300.0, 36 months,12.69,177.79,C,C2,10+ years,RENT,26000.0,2015-10-01,Charged Off,credit_card,MD,690.0,694.0,4575.03,2399.91,794.12,2017-04-01
61340099,18000.0, 36 months,12.69,603.81,C,C2,2 years,MORTGAGE,60000.0,2015-10-01,Fully Paid,debt_consolidation,TX,680.0,684.0,21619.9478583846,18000.0,3619.95,2018-04-01
135594792,23500.0, 36 months,13.06,792.49,C,C1,4 years,OWN,182500.0,2018-06-01,Fully Paid,credit_card,NJ,720.0,724.0,23555.8760285307,23500.0,55.88,2018-10-01
95876297,8000.0, 36 months,14.99,277.29,C,C4,10+ years,RENT,55000.0,2016-12-01,Charged Off,credit_card,CA,660.0,664.0,5890.45,1289.01,641.73,2017-08-01
19066746,20000.0, 60 months,15.61,482.23,D,D1,4 years,MORTGAGE,70000.0,2014-08-01,Fully Paid,debt_consolidation,MI,695.0,699.0,24835.670000063703,20000.0,4835.67,2016-05-01
109985026,5500.0, 36 months,9.44,176.03,B,B1,4 years,RENT,43000.0,2017-05-01,Fully Paid,credit_card,NV,665.0,669.0,6051.71339521,5500.0,551.71,2018-10-01
78993030,30825.0, 36 months,15.31,1073.25,C,C5,10+ years,RENT,90000.0,2016-05-01,Fully Paid,debt_consolidation,IN,700.0,704.0,37602.0207787001,30825.0,6723.36,2018-03-01
55310966,12000.0, 60 months,18.25,306.36,E,E1,< 1 year,MORTGAGE,50000.0,2015-07-01,Fully Paid,debt_consolidation,TX,665.0,669.0,15188.2251994782,12000.0,3188.23,2017-03-01
77480253,6000.0, 36 months,16.29,211.81,D,D1,4 years,OWN,66500.0,2016-04-01,Fully Paid,other,PA,665.0,669.0,7043.285107504101,6000.0,1043.29,2017-07-01
57618372,11075.0, 36 months,12.69,371.51,C,C2,8 years,OWN,42000.0,2015-08-01,Fully Paid,debt_consolidation,LA,695.0,699.0,13052.5591976116,11075.0,1977.56,2017-07-01
17282593,14875.0, 60 months,16.29,364.03,D,D2,8 years,RENT,45000.0,2014-06-01,Fully Paid,debt_consolidation,SC,665.0,669.0,20582.41070750949,14875.0,5707.41,2017-06-01
41149388,1500.0, 36 months,9.17,47.82,B,B2,2 years,MORTGAGE,42619.0,2015-02-01,Fully Paid,car,AZ,670.0,674.0,1557.44,1500.0,57.44,2015-07-01
40450683,18825.0, 60 months,23.99,541.45,F,F2,10+ years,OWN,45000.0,2015-02-01,Charged Off,debt_consolidation,AL,665.0,669.0,17934.72,6695.09,9523.32,2017-08-01
634636,20000.0, 36 months,6.17,497.14,A,A3,10+ years,MORTGAGE,97000.0,2010-12-01,Fully Paid,debt_consolidation,MD,770.0,774.0,17897.8676511056,16300.0,1597.87,2014-01-01
7659890,10000.0, 36 months,11.99,332.1,B,B3,Unknown,OWN,54000.0,2013-10-01,Fully Paid,debt_consolidation,SC,670.0,674.0,11851.69,10000.0,1851.69,2016-03-01
94029314,5000.0, 36 months,11.49,164.86,B,B5,4 years,RENT,56000.0,2016-11-01,Fully Paid,debt_consolidation,MD,715.0,719.0,5156.3395558237,5000.0,156.34,2017-03-01
110365666,3000.0, 36 months,16.02,105.51,C,C5,2 years,OWN,30000.0,2017-06-01,Fully Paid,debt_consolidation,CA,665.0,669.0,3368.2981074193,3000.0,368.3,2018-05-01
15420036,5400.0, 36 months,17.57,194.07,D,D2,4 years,MORTGAGE,50000.0,2014-04-01,Fully Paid,debt_consolidation,AR,660.0,664.0,5999.11,5400.0,599.11,2015-01-01
61538994,20000.0, 36 months,12.29,667.06,C,C1,10+ years,RENT,50000.0,2015-10-01,Charged Off,debt_consolidation,MD,675.0,679.0,14661.08,10201.75,3125.79,2017-06-01
10434897,11625.0, 60 months,17.57,292.49,D,D2,10+ years,MORTGAGE,43000.0,2014-01-01,Fully Paid,debt_consolidation,SC,720.0,724.0,12618.8702872271,11625.0,993.87,2014-07-01
59090924,8000.0, 36 months,9.17,255.04,B,B2,Unknown,RENT,34000.0,2015-09-01,Fully Paid,debt_consolidation,PA,660.0,664.0,8767.1329866762,8000.0,767.13,2016-12-01
46095605,20000.0, 36 months,7.89,625.72,A,A5,1 year,RENT,125000.0,2015-04-01,Fully Paid,credit_card,MA,725.0,729.0,21823.66,20000.0,1823.66,2016-09-01
91518791,16000.0, 60 months,13.99,372.21,C,C3,9 years,MORTGAGE,262000.0,2016-10-01,Fully Paid,debt_consolidation,TX,665.0,669.0,19187.52039391909,16000.0,3187.52,2018-06-01
87978098,10000.0, 36 months,9.49,320.29,B,B2,2 years,MORTGAGE,81000.0,2016-08-01,Fully Paid,debt_consolidation,IL,675.0,679.0,10351.9588777857,10000.0,351.96,2016-12-01
21190485,30000.0, 36 months,10.15,970.13,B,B2,10+ years,MORTGAGE,65000.0,2014-07-01,Fully Paid,debt_consolidation,OH,705.0,709.0,34924.668078004,30000.0,4924.67,2017-07-01
123939768,12000.0, 36 months,11.99,398.52,B,B5,4 years,MORTGAGE,74000.0,2017-11-01,Fully Paid,credit_card,MI,700.0,704.0,12205.6028974682,12000.0,205.6,2017-12-01
73569218,8000.0, 36 months,10.75,260.97,B,B4,1 year,RENT,45000.0,2016-03-01,Fully Paid,debt_consolidation,NY,660.0,664.0,9411.3712504989,8000.0,1411.37,2019-03-01
1301649,35000.0, 60 months,20.99,946.68,E,E3,2 years,MORTGAGE,169800.0,2012-06-01,Fully Paid,home_improvement,CA,705.0,709.0,51170.73999676541,35000.0,16170.74,2015-02-01
67849444,8000.0, 36 months,9.76,257.24,B,B3,2 years,RENT,65000.0,2015-12-01,Fully Paid,credit_card,CA,705.0,709.0,9256.17543342,8000.0,1256.18,2019-01-01
1344632,32875.0, 36 months,18.55,1197.61,D,D4,2 years,RENT,78000.0,2012-06-01,Fully Paid,debt_consolidation,TX,685.0,689.0,43113.48811544941,32875.0,10238.49,2015-06-01
78379257,10000.0, 36 months,15.31,348.18,C,C5,6 years,MORTGAGE,45000.0,2016-06-01,Fully Paid,debt_consolidation,FL,680.0,684.0,11896.0296586855,10000.0,1896.03,2017-12-01
130141563,2800.0, 36 months,12.61,93.82,C,C1,3 years,MORTGAGE,66000.0,2018-03-01,Fully Paid,credit_card,WI,720.0,724.0,2996.0836011775,2800.0,196.08,2018-10-01
19005754,4850.0, 36 months,15.61,169.58,D,D1,6 years,RENT,40000.0,2014-06-01,Charged Off,home_improvement,CT,745.0,749.0,4370.39,3122.4,1117.1,2016-07-01
72533706,5000.0, 36 months,13.67,170.09,C,C3,Unknown,RENT,40000.0,2016-02-01,Charged Off,debt_consolidation,TN,665.0,669.0,846.65,578.69,267.96,2016-08-01
8215084,8000.0, 36 months,9.99,258.1,B,B1,7 years,RENT,70000.0,2013-10-01,Fully Paid,debt_consolidation,MO,745.0,749.0,8487.410330471,8000.0,487.41,2014-06-01
142160943,6000.0, 36 months,23.4,233.52,E,E1,Unknown,MORTGAGE,33960.0,2018-11-01,Fully Paid,home_improvement,NC,685.0,689.0,6110.13015,6000.0,110.13,2018-12-01
46803844,15400.0, 36 months,14.65,531.22,C,C5,1 year,RENT,42800.0,2015-04-01,Fully Paid,debt_consolidation,HI,725.0,729.0,16590.38,15400.0,1190.38,2015-10-01
38526907,15000.0, 36 months,10.49,487.47,B,B3,3 years,RENT,45000.0,2015-01-01,Fully Paid,debt_consolidation,MA,690.0,694.0,15333.65,15000.0,333.65,2015-03-01
83002197,10000.0, 36 months,9.49,320.29,B,B2,10+ years,MORTGAGE,95000.0,2016-06-01,Fully Paid,debt_consolidation,MN,735.0,739.0,11402.0054789754,10000.0,1402.01,2018-08-01
6706841,5600.0, 36 months,12.35,186.94,B,B4,3 years,OWN,36000.0,2013-08-01,Fully Paid,credit_card,WA,685.0,689.0,6312.1299996424,5600.0,712.13,2015-03-01
61529606,18000.0, 36 months,13.99,615.11,C,C4,9 years,RENT,40000.0,2015-10-01,Charged Off,debt_consolidation,CA,675.0,679.0,14732.17,9579.9,3323.42,2017-07-01
53091126,6000.0, 36 months,7.89,187.72,A,A5,10+ years,MORTGAGE,56000.0,2015-06-01,Fully Paid,debt_consolidation,TN,695.0,699.0,6652.398550135999,6000.0,652.4,2017-05-01
13056409,5950.0, 36 months,24.08,233.69,F,F2,Unknown,MORTGAGE,54000.0,2014-03-01,Fully Paid,other,FL,695.0,699.0,7271.020002977901,5950.0,1321.02,2015-04-01
121218855,20000.0, 36 months,9.44,640.1,B,B1,< 1 year,RENT,50000.0,2017-11-01,Fully Paid,debt_consolidation,GA,675.0,679.0,21327.95132435649,20000.0,1327.95,2018-08-01
39641008,6000.0, 36 months,12.99,202.14,C,C2,3 years,OWN,47500.0,2015-01-01,Fully Paid,other,NY,705.0,709.0,6659.57,6000.0,659.57,2015-12-01
43215120,3200.0, 36 months,13.33,108.33,C,C3,1 year,MORTGAGE,62000.0,2015-03-01,Fully Paid,credit_card,TX,670.0,674.0,3317.66,3200.0,117.66,2015-09-01
5185989,15000.0, 36 months,19.05,550.22,D,D4,1 year,RENT,38000.0,2013-05-01,Fully Paid,credit_card,OK,685.0,689.0,19807.8994339574,15000.0,4807.9,2016-05-01
5165740,21850.0, 36 months,12.12,726.99,B,B3,6 years,RENT,50000.0,2013-05-01,Fully Paid,debt_consolidation,CA,695.0,699.0,25497.5600051077,21850.0,3647.56,2015-04-01
7934672,8000.0, 36 months,12.99,269.52,B,B4,2 years,RENT,39000.0,2013-10-01,Fully Paid,credit_card,FL,695.0,699.0,9702.42,8000.0,1702.42,2016-10-01
444336,10000.0, 36 months,14.26,343.06,C,C5,< 1 year,RENT,52500.0,2009-11-01,Charged Off,debt_consolidation,MA,685.0,689.0,2446.0,1381.56,670.5,2010-05-01
63977144,20000.0, 36 months,13.67,680.36,C,C4,10+ years,MORTGAGE,60500.0,2015-11-01,Charged Off,credit_card,MD,685.0,689.0,14956.14,10100.3,3491.71,2017-07-01
20598982,16000.0, 60 months,16.29,391.56,D,D2,10+ years,RENT,55000.0,2014-07-01,Fully Paid,credit_card,NM,660.0,664.0,18316.68,16000.0,2316.68,2015-07-01
90095929,16000.0, 36 months,5.32,481.84,A,A1,10+ years,MORTGAGE,110000.0,2016-09-01,Fully Paid,debt_consolidation,TX,715.0,719.0,16364.5688808884,16000.0,364.57,2017-03-01
134993816,24000.0, 36 months,5.31,722.65,A,A1,Unknown,RENT,42084.0,2018-06-01,Fully Paid,credit_card,NM,720.0,724.0,24207.3028924604,24000.0,207.3,2018-08-01
1579217,12000.0, 36 months,6.03,365.23,A,A1,6 years,MORTGAGE,56000.0,2012-10-01,Fully Paid,home_improvement,AL,790.0,794.0,13148.1378589565,12000.0,1148.14,2015-10-01
98816551,14000.0, 36 months,13.49,475.03,C,C2,9 years,OWN,135000.0,2017-02-01,Charged Off,debt_consolidation,NY,660.0,664.0,5803.56,2990.8,1273.98,2017-11-01
4464915,6000.0, 36 months,18.49,218.4,D,D2,4 years,MORTGAGE,42000.0,2013-04-01,Fully Paid,wedding,OH,690.0,694.0,7855.65,6000.0,1855.65,2016-03-01
813696,12800.0, 60 months,18.39,327.76,E,E2,9 years,MORTGAGE,67000.0,2011-07-01,Fully Paid,other,CT,675.0,679.0,18128.9395130822,12800.0,5328.94,2014-06-01
130887144,6000.0, 36 months,14.07,205.27,C,C3,1 year,RENT,35500.0,2018-03-01,Fully Paid,debt_consolidation,TX,695.0,699.0,6490.4079289957,6000.0,490.41,2018-11-01
20160111,15600.0, 36 months,10.15,504.47,B,B2,< 1 year,MORTGAGE,120000.0,2014-07-01,Fully Paid,debt_consolidation,CA,660.0,664.0,17336.6791734976,15600.0,1736.68,2016-12-01
65433302,8000.0, 36 months,12.74,268.56,C,C1,5 years,RENT,53706.0,2016-11-01,Charged Off,debt_consolidation,MI,660.0,664.0,4851.57,3620.91,1230.66,2018-05-01
63419771,7000.0, 36 months,13.99,239.21,C,C4,2 years,OWN,30000.0,2015-10-01,Fully Paid,medical,GA,680.0,684.0,8840.9192984728,7000.0,1810.92,2019-01-01
70792246,7900.0, 36 months,8.39,248.99,B,B1,2 years,RENT,19200.0,2016-02-01,Fully Paid,car,SC,710.0,714.0,7902.36,7900.0,2.36,2016-02-01
7638007,9750.0, 36 months,13.67,331.68,B,B5,5 years,MORTGAGE,89000.0,2013-10-01,Fully Paid,credit_card,MD,665.0,669.0,11874.2,9750.0,2124.2,2016-08-01
108729532,9000.0, 36 months,7.97,281.91,A,A5,10+ years,OWN,75000.0,2017-05-01,Fully Paid,debt_consolidation,OR,670.0,674.0,9165.025344433,9000.0,165.03,2017-07-01
50596252,9600.0, 36 months,9.17,306.04,B,B2,10+ years,MORTGAGE,67000.0,2015-06-01,Fully Paid,home_improvement,NC,700.0,704.0,11015.141376255,9600.0,1415.14,2018-03-01
76678449,20000.0, 60 months,12.99,454.96,C,C2,6 years,RENT,101300.0,2016-04-01,Fully Paid,debt_consolidation,WA,665.0,669.0,25342.4213409546,20000.0,5342.42,2018-10-01
49257837,28000.0, 36 months,5.32,843.22,A,A1,9 years,MORTGAGE,140000.0,2015-05-01,Fully Paid,credit_card,MO,725.0,729.0,29436.89,28000.0,1436.89,2016-07-01
107045897,40000.0, 36 months,7.49,1244.07,A,A4,< 1 year,MORTGAGE,110600.0,2017-04-01,Fully Paid,credit_card,FL,730.0,734.0,43524.952981524,40000.0,3524.95,2018-11-01
27651914,5000.0, 36 months,16.99,178.24,D,D3,10+ years,OWN,46000.0,2015-06-01,Fully Paid,other,MS,660.0,664.0,6407.142037766999,5000.0,1407.14,2018-06-01
24194842,12000.0, 60 months,14.99,285.42,C,C5,10+ years,MORTGAGE,46000.0,2014-08-01,Charged Off,debt_consolidation,MO,685.0,689.0,10817.92,6539.51,4278.41,2017-10-01
65078403,15000.0, 36 months,6.24,457.97,A,A2,5 years,MORTGAGE,45000.0,2015-11-01,Fully Paid,credit_card,MN,710.0,714.0,16160.9253139413,15000.0,1160.93,2017-07-01
68681695,8000.0, 36 months,8.49,252.51,B,B1,10+ years,RENT,80000.0,2016-01-01,Fully Paid,debt_consolidation,AZ,660.0,664.0,8839.256847071,8000.0,839.26,2018-02-01
109342395,7000.0, 36 months,14.08,239.52,C,C3,< 1 year,MORTGAGE,25000.0,2017-05-01,Charged Off,debt_consolidation,AZ,685.0,689.0,3602.32,2556.58,1030.74,2018-08-01
78061264,1925.0, 36 months,10.75,62.8,B,B4,< 1 year,OWN,20000.0,2016-06-01,Fully Paid,other,AZ,710.0,714.0,2350.710775119,1925.0,320.71,2018-10-01
466004,5000.0, 36 months,11.48,164.85,B,B2,10+ years,MORTGAGE,58000.0,2009-12-01,Charged Off,debt_consolidation,CO,710.0,714.0,4071.72,3141.69,929.66,2012-05-01
8968990,11000.0, 36 months,8.9,349.29,A,A5,9 years,MORTGAGE,98000.0,2013-11-01,Fully Paid,debt_consolidation,FL,670.0,674.0,12578.0424126406,11000.0,1560.58,2016-11-01
65503882,10000.0, 36 months,7.26,309.97,A,A4,3 years,MORTGAGE,70000.0,2015-11-01,Fully Paid,major_purchase,MI,720.0,724.0,10965.6355010926,10000.0,965.64,2017-10-01
46448449,24000.0, 36 months,13.99,820.15,C,C4,10+ years,OWN,105000.0,2015-04-01,Fully Paid,debt_consolidation,FL,670.0,674.0,28659.692320612,24000.0,4659.69,2017-03-01
75418217,30000.0, 60 months,22.45,836.27,E,E5,3 years,MORTGAGE,91000.0,2016-03-01,Charged Off,debt_consolidation,CA,670.0,674.0,7339.81,1427.52,2846.16,2016-09-01
5970394,8325.0, 36 months,15.22,289.49,C,C3,10+ years,MORTGAGE,56472.0,2013-07-01,Fully Paid,home_improvement,SC,685.0,689.0,10430.4473746963,8325.0,2105.45,2016-08-01
1023170,32275.0, 60 months,11.71,713.22,B,B3,2 years,RENT,77000.0,2011-11-01,Fully Paid,debt_consolidation,NJ,750.0,754.0,42799.542621860805,32275.0,10524.54,2016-12-01
3848276,8900.0, 36 months,6.03,270.88,A,A1,8 years,MORTGAGE,83000.0,2013-03-01,Fully Paid,major_purchase,MO,830.0,834.0,9751.5319514369,8900.0,851.53,2016-04-01
7434697,33425.0, 36 months,16.2,1178.43,C,C4,10+ years,RENT,175000.0,2013-09-01,Fully Paid,debt_consolidation,PA,680.0,684.0,42423.3373550328,33425.0,8998.34,2016-09-01
48364294,4000.0, 36 months,12.69,134.18,C,C2,6 years,MORTGAGE,84000.0,2015-05-01,Charged Off,debt_consolidation,MN,665.0,669.0,3692.96,2025.75,652.21,2017-02-01
46805023,20000.0, 60 months,17.57,503.21,D,D4,10+ years,MORTGAGE,62400.0,2015-04-01,Charged Off,debt_consolidation,KS,660.0,664.0,7724.22,2738.07,3261.41,2016-04-01
88946007,15000.0, 36 months,13.49,508.96,C,C2,4 years,OWN,92000.0,2016-09-01,Charged Off,home_improvement,NY,665.0,669.0,1555.12,0.0,0.0,
131326387,24000.0, 36 months,7.34,744.79,A,A4,5 years,MORTGAGE,85000.0,2018-04-01,Fully Paid,credit_card,FL,740.0,744.0,25125.5352821693,24000.0,1125.54,2019-01-01
7515047,8000.0, 36 months,19.2,294.06,D,D3,7 years,RENT,65000.0,2013-10-01,Fully Paid,debt_consolidation,CA,670.0,674.0,10592.8882445176,8000.0,2592.89,2016-10-01
81466479,35000.0, 36 months,11.47,1153.67,B,B5,10+ years,MORTGAGE,95783.0,2016-06-01,Fully Paid,debt_consolidation,MD,680.0,684.0,41437.3591813333,35000.0,6437.36,2019-01-01
64201150,16000.0, 36 months,7.26,495.94,A,A4,10+ years,RENT,105725.0,2015-11-01,Fully Paid,debt_consolidation,TX,680.0,684.0,16880.6500000171,16000.0,880.65,2016-09-01
97729205,10000.0, 36 months,13.49,339.31,C,C2,4 years,MORTGAGE,55000.0,2017-02-01,Fully Paid,debt_consolidation,TX,710.0,714.0,11497.8946223626,10000.0,1497.89,2018-07-01
91227385,10000.0, 36 months,11.49,329.72,B,B5,10+ years,RENT,126000.0,2016-10-01,Charged Off,debt_consolidation,NJ,685.0,689.0,4667.77,2188.21,772.89,2017-07-01
118147975,2500.0, 36 months,16.02,87.92,C,C5,1 year,RENT,29999.0,2017-09-01,Charged Off,major_purchase,SC,795.0,799.0,355.28,0.0,0.0,
11235312,24000.0, 36 months,8.9,762.08,A,A5,1 year,MORTGAGE,225000.0,2014-01-01,Fully Paid,debt_consolidation,VA,720.0,724.0,27434.7601658067,24000.0,3434.76,2017-02-01
31217041,9000.0, 36 months,13.35,304.77,C,C2,3 years,MORTGAGE,27000.0,2014-10-01,Fully Paid,debt_consolidation,WA,700.0,704.0,10632.54,9000.0,1632.54,2016-08-01
11417165,1500.0, 36 months,13.98,51.26,C,C1,8 years,RENT,85000.0,2014-02-01,Fully Paid,debt_consolidation,NY,705.0,709.0,1782.5,1500.0,282.5,2016-02-01
38508740,13900.0, 36 months,11.44,457.97,B,B4,10+ years,MORTGAGE,60000.0,2015-01-01,Charged Off,debt_consolidation,IN,695.0,699.0,14693.8,11668.9,2538.51,2017-08-01
26329655,30000.0, 60 months,18.99,778.06,E,E1,10+ years,RENT,73346.0,2014-09-01,Fully Paid,debt_consolidation,WA,695.0,699.0,30944.70011925,30000.0,944.7,2014-11-01
129671486,3000.0, 36 months,6.07,91.37,A,A2,1 year,RENT,37000.0,2018-03-01,Fully Paid,debt_consolidation,TN,825.0,829.0,3134.0091296019,3000.0,134.01,2019-02-01
44703403,26550.0, 60 months,10.99,577.13,B,B4,6 years,MORTGAGE,53240.0,2015-04-01,Charged Off,credit_card,FL,675.0,679.0,6893.14,4215.88,2677.26,2016-04-01
44965455,27500.0, 36 months,7.89,860.36,A,A5,< 1 year,MORTGAGE,225000.0,2015-04-01,Fully Paid,debt_consolidation,TX,705.0,709.0,30996.5481244196,27500.0,3496.55,2018-04-01
3529240,13000.0, 36 months,14.09,444.88,B,B5,3 years,MORTGAGE,60000.0,2013-03-01,Fully Paid,debt_consolidation,KS,660.0,664.0,15099.6844057657,13000.0,2099.68,2014-08-01
54638862,21000.0, 60 months,19.19,546.95,E,E3,3 years,RENT,95000.0,2015-07-01,Charged Off,debt_consolidation,CA,710.0,714.0,4619.79,643.56,952.51,2015-10-01
73598892,18000.0, 36 months,9.75,578.7,B,B3,5 years,OWN,69528.0,2016-03-01,Fully Paid,debt_consolidation,TX,730.0,734.0,18990.6701703766,18000.0,990.67,2017-02-01
6899365,2400.0, 36 months,13.68,81.66,C,C1,1 year,RENT,25000.0,2013-09-01,Fully Paid,debt_consolidation,TX,670.0,674.0,2939.4857252751003,2400.0,539.49,2016-09-01
67686101,16000.0, 60 months,14.48,376.29,C,C5,9 years,RENT,172000.0,2015-12-01,Charged Off,debt_consolidation,TX,670.0,674.0,6978.98,2771.34,2483.85,2017-02-01
58480528,30000.0, 60 months,13.33,687.68,C,C3,< 1 year,RENT,100000.0,2015-08-01,Charged Off,debt_consolidation,FL,710.0,714.0,8180.25,2186.52,1917.34,2016-03-01
1734721,14400.0, 36 months,12.12,479.12,B,B3,7 years,MORTGAGE,115000.0,2012-11-01,Fully Paid,credit_card,NJ,705.0,709.0,16699.1030597848,14400.0,2299.1,2014-08-01
17654084,24000.0, 60 months,13.35,550.39,C,C2,10+ years,RENT,109285.0,2014-06-01,Fully Paid,debt_consolidation,MS,705.0,709.0,25801.5516749104,24000.0,1801.55,2015-01-01
73558822,13650.0, 36 months,19.53,504.02,D,D5,7 years,MORTGAGE,31000.0,2016-03-01,Charged Off,debt_consolidation,FL,685.0,689.0,9654.01,5469.4,3084.13,2017-08-01
99995264,16000.0, 36 months,18.99,586.42,D,D3,10+ years,OWN,48000.0,2017-03-01,Fully Paid,credit_card,FL,660.0,664.0,19779.7142851673,16000.0,3779.71,2018-09-01
93724259,13500.0, 60 months,15.99,328.23,C,C5,8 years,RENT,65000.0,2016-11-01,Fully Paid,debt_consolidation,CO,675.0,679.0,15076.5454375658,13500.0,1576.55,2017-08-01
75859487,12000.0, 60 months,14.46,282.09,C,C4,3 years,RENT,118000.0,2016-03-01,Charged Off,debt_consolidation,AZ,660.0,664.0,2826.26,1441.82,1369.44,2017-02-01
7256861,12000.0, 60 months,15.61,289.34,C,C3,8 years,MORTGAGE,76000.0,2013-10-01,Fully Paid,car,GA,690.0,694.0,17360.029800835,12000.0,5360.03,2018-10-01
5645813,11000.0, 36 months,7.9,344.2,A,A4,3 years,MORTGAGE,45000.0,2013-06-01,Fully Paid,credit_card,CT,695.0,699.0,12158.9900025449,11000.0,1158.99,2015-03-01
3145047,19000.0, 60 months,23.28,538.68,F,F2,8 years,RENT,137500.0,2013-01-01,Fully Paid,other,AZ,680.0,684.0,24770.822683349903,19000.0,5770.82,2014-07-01
70694113,13150.0, 36 months,6.49,402.98,A,A2,3 years,MORTGAGE,52000.0,2016-02-01,Fully Paid,debt_consolidation,MO,760.0,764.0,14451.7396708331,13150.0,1301.74,2018-07-01
64079623,3950.0, 36 months,11.49,130.24,B,B5,10+ years,MORTGAGE,62000.0,2015-11-01,Fully Paid,home_improvement,WA,675.0,679.0,4520.5135856164,3950.0,570.51,2017-06-01
2080282,9325.0, 36 months,12.12,310.26,B,B3,10+ years,MORTGAGE,28000.0,2012-11-01,Fully Paid,debt_consolidation,WV,710.0,714.0,11169.280902263,9325.0,1844.28,2015-12-01
1448134,12250.0, 36 months,15.31,426.52,C,C2,Unknown,OWN,35952.0,2012-08-01,Charged Off,debt_consolidation,WI,675.0,679.0,14075.15,11002.24,3072.2,2015-05-01
86995345,15000.0, 36 months,8.99,476.93,B,B1,7 years,MORTGAGE,68000.0,2016-08-01,Fully Paid,medical,TX,665.0,669.0,16842.762986175,15000.0,1842.76,2018-06-01
24013535,31975.0, 36 months,13.35,1082.77,C,C2,4 years,MORTGAGE,69680.16,2014-08-01,Fully Paid,debt_consolidation,TN,715.0,719.0,38474.37,31975.0,6445.23,2016-10-01
15340952,11775.0, 60 months,20.49,315.19,E,E2,< 1 year,MORTGAGE,32760.0,2014-05-01,Fully Paid,debt_consolidation,LA,680.0,684.0,18711.3586599824,11775.0,6936.36,2018-08-01
33411283,10000.0, 36 months,6.03,304.36,A,A1,10+ years,OWN,125000.0,2014-11-01,Fully Paid,home_improvement,NH,765.0,769.0,10953.425961824,10000.0,953.43,2017-11-01
70271489,18000.0, 60 months,16.29,440.51,D,D1,8 years,MORTGAGE,55000.0,2016-02-01,Fully Paid,credit_card,NC,660.0,664.0,22797.7538121359,18000.0,4797.75,2017-12-01
38625156,19650.0, 36 months,13.66,668.36,C,C3,10+ years,RENT,41000.0,2015-01-01,Fully Paid,credit_card,KS,705.0,709.0,24045.6122450405,19650.0,4395.61,2018-01-01
112290120,23550.0, 60 months,30.75,772.81,F,F5,10+ years,MORTGAGE,160300.0,2017-07-01,Fully Paid,debt_consolidation,VA,685.0,689.0,27549.936676780897,23550.0,3999.94,2018-01-01
99925563,10000.0, 36 months,7.49,311.02,A,A4,5 years,MORTGAGE,38400.0,2017-03-01,Fully Paid,home_improvement,DE,790.0,794.0,10285.7705231278,10000.0,285.77,2017-12-01
53141404,31000.0, 36 months,8.18,974.01,B,B1,2 years,RENT,62000.0,2015-07-01,Fully Paid,credit_card,CA,685.0,689.0,34249.7096000089,31000.0,3249.71,2017-03-01
42364818,12000.0, 60 months,11.53,264.1,B,B5,9 years,MORTGAGE,76000.0,2015-03-01,Fully Paid,home_improvement,AZ,680.0,684.0,15444.216412055,12000.0,3444.22,2018-09-01
78022018,12000.0, 36 months,7.39,372.67,A,A4,7 years,MORTGAGE,80000.0,2016-04-01,Fully Paid,other,AK,680.0,684.0,13129.8018087236,12000.0,1129.8,2018-07-01
74774168,10000.0, 36 months,10.75,326.21,B,B4,Unknown,RENT,51000.0,2016-03-01,Fully Paid,credit_card,WA,705.0,709.0,11446.817576543,10000.0,1446.82,2017-12-01
68596392,17000.0, 36 months,5.32,511.96,A,A1,5 years,MORTGAGE,98000.0,2015-12-01,Fully Paid,credit_card,PA,755.0,759.0,18313.1762207754,17000.0,1313.18,2018-02-01
76265955,20000.0, 36 months,12.99,673.79,C,C2,5 years,MORTGAGE,110000.0,2016-04-01,Fully Paid,home_improvement,IN,660.0,664.0,21989.076967987,20000.0,1989.08,2017-03-01
32119139,18000.0, 60 months,15.61,434.01,D,D1,10+ years,MORTGAGE,69000.0,2014-10-01,Charged Off,debt_consolidation,OH,715.0,719.0,2588.45,1238.84,1349.61,2015-04-01
66625291,10500.0, 36 months,9.17,334.73,B,B2,4 years,MORTGAGE,53000.0,2015-12-01,Fully Paid,credit_card,OH,700.0,704.0,12047.6850233256,10500.0,1547.69,2018-10-01
4197419,10000.0, 36 months,14.09,342.22,B,B5,6 years,MORTGAGE,52000.0,2013-04-01,Fully Paid,credit_card,OH,675.0,679.0,11469.4839987965,10000.0,1469.48,2014-07-01
5545094,5000.0, 36 months,15.31,174.09,C,C2,10+ years,MORTGAGE,175000.0,2013-06-01,Fully Paid,medical,MD,700.0,704.0,5361.365714103901,5000.0,361.37,2013-12-01
41288474,10000.0, 36 months,13.99,341.73,C,C4,1 year,RENT,45200.0,2015-02-01,Fully Paid,debt_consolidation,CO,660.0,664.0,11054.45,10000.0,1054.45,2016-01-01
76283186,3000.0, 36 months,9.16,95.63,B,B2,9 years,MORTGAGE,65800.0,2016-04-01,Fully Paid,debt_consolidation,AZ,675.0,679.0,3367.2047999835,3000.0,367.2,2018-04-01
43769544,15000.0, 36 months,11.53,494.86,B,B5,5 years,RENT,80000.0,2015-04-01,Fully Paid,credit_card,CA,670.0,674.0,17800.5491753885,15000.0,2800.55,2018-03-01
60707432,15000.0, 36 months,6.89,462.41,A,A3,10+ years,MORTGAGE,73000.0,2015-09-01,Fully Paid,credit_card,GA,730.0,734.0,15822.800004915,15000.0,822.8,2016-08-01
95374201,11225.0, 36 months,17.99,405.76,D,D2,10+ years,MORTGAGE,35000.0,2016-12-01,Charged Off,debt_consolidation,CO,705.0,709.0,5340.23,2002.56,1232.3,2017-09-01
88917567,20000.0, 36 months,12.79,671.86,C,C1,10+ years,MORTGAGE,82845.0,2016-09-01,Fully Paid,debt_consolidation,FL,685.0,689.0,23951.4434982812,20000.0,3951.44,2019-01-01
10694960,12000.0, 36 months,9.67,385.35,B,B1,< 1 year,RENT,38000.0,2014-02-01,Fully Paid,debt_consolidation,MI,680.0,684.0,13776.520000426,12000.0,1776.52,2016-06-01
43549872,23225.0, 60 months,12.69,524.77,C,C2,7 years,RENT,53000.0,2015-03-01,Fully Paid,debt_consolidation,CA,710.0,714.0,25890.6,23225.0,2665.6,2016-03-01
124120298,21500.0, 60 months,15.05,512.05,C,C4,1 year,RENT,70000.0,2017-11-01,Fully Paid,debt_consolidation,FL,670.0,674.0,24219.0498829679,21500.0,2719.05,2018-11-01
1282751,2400.0, 36 months,13.11,81.0,B,B4,2 years,RENT,22000.0,2012-06-01,Fully Paid,other,NY,675.0,679.0,2828.520138423,2400.0,428.52,2014-08-01
90320353,10000.0, 36 months,10.99,327.34,B,B4,10+ years,RENT,233000.0,2016-09-01,Fully Paid,credit_card,TX,700.0,704.0,11215.3521286317,10000.0,1215.35,2018-02-01
67205690,4200.0, 36 months,11.99,139.49,C,C1,< 1 year,RENT,45365.0,2015-12-01,Fully Paid,credit_card,CA,660.0,664.0,5026.8052261645,4200.0,826.81,2019-01-01
7615280,10000.0, 36 months,15.61,349.65,C,C3,6 years,RENT,95000.0,2013-10-01,Fully Paid,debt_consolidation,NH,680.0,684.0,11064.744267273702,10000.0,1064.74,2014-07-01
86403383,24000.0, 36 months,12.79,806.23,C,C1,10+ years,MORTGAGE,75000.0,2016-08-01,Fully Paid,home_improvement,OR,695.0,699.0,28341.2130440088,24000.0,4341.21,2018-07-01
1413621,30000.0, 36 months,8.9,952.6,A,A5,10+ years,MORTGAGE,138000.0,2012-07-01,Fully Paid,debt_consolidation,CA,735.0,739.0,33760.939119685696,30000.0,3760.94,2014-07-01
70341515,11200.0, 36 months,9.16,357.0,B,B2,8 years,OWN,101000.0,2016-02-01,Fully Paid,home_improvement,NC,715.0,719.0,11788.71,11200.0,588.71,2016-09-01
7717640,21000.0, 36 months,16.2,740.38,C,C4,10+ years,RENT,59500.0,2013-10-01,Fully Paid,debt_consolidation,NM,700.0,704.0,23976.0326790686,21000.0,2976.03,2014-10-01
49956275,16000.0, 60 months,15.61,385.79,D,D1,10+ years,RENT,46000.0,2015-05-01,Fully Paid,credit_card,TX,675.0,679.0,22111.3558423789,16000.0,6111.36,2018-08-01
17763188,33000.0, 60 months,10.99,717.34,B,B3,2 years,MORTGAGE,97000.0,2014-06-01,Fully Paid,credit_card,TX,735.0,739.0,41172.5934870336,33000.0,8172.59,2017-05-01
54494153,3000.0, 36 months,12.29,100.06,C,C1,Unknown,OWN,13704.0,2015-07-01,Fully Paid,home_improvement,TX,750.0,754.0,3600.0654015620003,3000.0,600.07,2018-07-01
74562118,10000.0, 36 months,6.97,308.64,A,A3,< 1 year,RENT,95000.0,2016-03-01,Fully Paid,credit_card,CA,715.0,719.0,11106.923440225,10000.0,1106.92,2019-03-01
137804283,35000.0, 60 months,13.56,806.43,C,C1,10+ years,RENT,92000.0,2018-07-01,Charged Off,credit_card,PA,685.0,689.0,2392.92,1246.77,1146.15,2018-11-01
20049389,6000.0, 36 months,12.49,200.7,B,B5,6 years,RENT,150000.0,2014-07-01,Charged Off,other,CA,705.0,709.0,3813.3,2887.95,925.35,2016-02-01
8785462,2400.0, 36 months,10.99,78.57,B,B2,7 years,MORTGAGE,200000.0,2013-11-01,Fully Paid,debt_consolidation,CA,690.0,694.0,2542.8086712743,2400.0,142.81,2014-06-01
86494091,10000.0, 36 months,11.49,329.72,B,B5,8 years,OWN,90000.0,2016-08-01,Fully Paid,other,NY,735.0,739.0,11819.7522116465,10000.0,1819.75,2019-03-01
84274155,18525.0, 36 months,11.49,610.8,B,B5,10+ years,OWN,42000.0,2016-07-01,Fully Paid,debt_consolidation,NC,710.0,714.0,21884.285074399,18525.0,3359.29,2019-01-01
42864694,21000.0, 36 months,14.65,724.38,C,C5,Unknown,MORTGAGE,96000.0,2015-03-01,Fully Paid,home_improvement,HI,675.0,679.0,23523.09,21000.0,2523.09,2016-03-01
51035672,5000.0, 36 months,5.32,150.58,A,A1,10+ years,MORTGAGE,48000.0,2015-06-01,Fully Paid,debt_consolidation,IN,670.0,674.0,5419.16272513,5000.0,419.16,2018-06-01
1193037,22000.0, 36 months,7.9,688.39,A,A4,5 years,RENT,45000.0,2012-03-01,Fully Paid,debt_consolidation,PA,735.0,739.0,24781.8699916488,22000.0,2781.87,2015-04-01
54158744,19825.0, 36 months,14.65,683.85,C,C5,Unknown,MORTGAGE,48000.0,2015-07-01,Fully Paid,credit_card,PA,695.0,699.0,23797.8910317326,19825.0,3972.89,2017-05-01
75547970,9775.0, 36 months,17.27,349.83,D,D2,8 years,MORTGAGE,70000.0,2016-04-01,Fully Paid,debt_consolidation,GA,660.0,664.0,12009.6963200376,9775.0,2234.7,2017-12-01
1444034,12000.0, 36 months,13.11,404.97,B,B4,10+ years,MORTGAGE,57270.0,2012-08-01,Fully Paid,debt_consolidation,CA,685.0,689.0,14495.2099982542,12000.0,2495.21,2015-02-01
60773673,5000.0, 36 months,11.53,164.96,B,B5,2 years,MORTGAGE,30000.0,2015-10-01,Fully Paid,debt_consolidation,TX,700.0,704.0,5931.781351314,5000.0,931.78,2018-10-01
55989582,32000.0, 60 months,14.65,755.42,C,C5,10+ years,MORTGAGE,71000.0,2015-07-01,Fully Paid,debt_consolidation,WA,725.0,729.0,42551.9569603905,32000.0,10551.96,2018-07-01
1455216,25000.0, 36 months,12.12,831.8,B,B3,8 years,MORTGAGE,250000.0,2012-08-01,Fully Paid,debt_consolidation,FL,715.0,719.0,29944.4259772433,25000.0,4944.43,2015-08-01
73399185,20000.0, 36 months,12.99,673.79,C,C2,2 years,OWN,160000.0,2016-03-01,Charged Off,debt_consolidation,UT,685.0,689.0,6105.66,1386.77,620.17,2016-06-01
55939522,13200.0, 60 months,9.99,280.4,B,B3,2 years,MORTGAGE,85000.0,2015-07-01,Fully Paid,debt_consolidation,MD,715.0,719.0,13854.1,13200.0,654.1,2016-01-01
5776440,10000.0, 36 months,13.11,337.47,B,B4,10+ years,OWN,100000.0,2013-06-01,Fully Paid,debt_consolidation,NY,680.0,684.0,12148.9021548702,10000.0,2148.9,2016-06-01
110907401,14900.0, 60 months,19.03,386.77,D,D3,3 years,OWN,115000.0,2017-06-01,Charged Off,debt_consolidation,MN,710.0,714.0,2304.87,939.45,1365.42,2017-12-01
85371414,6000.0, 36 months,11.49,197.83,B,B5,5 years,RENT,70000.0,2016-07-01,Fully Paid,debt_consolidation,PA,680.0,684.0,6827.2396236139,6000.0,827.24,2018-01-01
1088494,7875.0, 36 months,14.27,270.19,C,C2,1 year,RENT,28800.0,2012-01-01,Fully Paid,debt_consolidation,NY,685.0,689.0,9751.9200000095,7875.0,1861.92,2015-01-01
51926937,21550.0, 36 months,25.78,865.74,F,F5,8 years,RENT,92000.0,2015-07-01,Fully Paid,small_business,FL,660.0,664.0,31571.5104112569,21550.0,9978.22,2018-09-01
14530620,16000.0, 36 months,11.99,531.36,B,B3,2 years,RENT,60000.0,2014-04-01,Fully Paid,credit_card,OR,675.0,679.0,19035.46,16000.0,3035.46,2016-10-01
42191135,12000.0, 36 months,7.89,375.43,A,A5,8 years,RENT,65000.0,2015-03-01,Fully Paid,debt_consolidation,IL,690.0,694.0,13510.1285864278,12000.0,1510.13,2018-03-01
85078831,4500.0, 36 months,8.99,143.08,B,B1,10+ years,MORTGAGE,45176.0,2016-07-01,Fully Paid,credit_card,TN,680.0,684.0,5073.503377951501,4500.0,573.5,2018-07-01
105771628,8000.0, 36 months,5.32,240.92,A,A1,10+ years,MORTGAGE,90000.0,2017-04-01,Fully Paid,debt_consolidation,GA,705.0,709.0,8431.6495353631,8000.0,431.65,2018-06-01
30725894,6075.0, 36 months,20.2,226.39,E,E3,10+ years,MORTGAGE,40000.0,2014-10-01,Charged Off,debt_consolidation,AR,670.0,674.0,2120.9,641.89,483.24,2015-03-01
121271168,3000.0, 36 months,7.97,93.97,A,A5,10+ years,MORTGAGE,85000.0,2017-10-01,Fully Paid,debt_consolidation,NM,710.0,714.0,3052.547480946,3000.0,52.55,2017-12-01
88758887,8000.0, 36 months,10.99,261.88,B,B4,5 years,RENT,53000.0,2016-09-01,Fully Paid,debt_consolidation,IL,685.0,689.0,9065.775201465,8000.0,1065.78,2018-09-01
126123644,20000.0, 60 months,18.06,508.53,D,D2,4 years,OWN,52600.0,2017-12-01,Fully Paid,major_purchase,TX,735.0,739.0,22350.0914972716,20000.0,2350.09,2018-09-01
73192087,14400.0, 36 months,7.39,447.21,A,A4,2 years,RENT,80000.0,2016-03-01,Fully Paid,small_business,NV,685.0,689.0,15637.0292667619,14400.0,1237.03,2018-02-01
31337768,14000.0, 36 months,12.49,468.29,B,B5,2 years,MORTGAGE,55000.0,2014-10-01,Fully Paid,debt_consolidation,KS,695.0,699.0,16576.278733838702,14000.0,2576.28,2016-12-01
39549756,20000.0, 36 months,10.49,649.96,B,B3,< 1 year,RENT,50000.0,2015-01-01,Fully Paid,debt_consolidation,TX,685.0,689.0,23369.191345648,20000.0,3369.19,2018-01-01
38700098,25000.0, 36 months,8.19,785.61,A,A5,Unknown,MORTGAGE,105000.0,2015-01-01,Fully Paid,debt_consolidation,CA,685.0,689.0,28270.265126727,25000.0,3270.27,2018-02-01
120563411,4800.0, 36 months,21.45,181.96,D,D5,7 years,MORTGAGE,64000.0,2017-10-01,Fully Paid,debt_consolidation,LA,665.0,669.0,5688.305153515,4800.0,888.31,2018-09-01
54738300,22450.0, 36 months,13.99,767.18,C,C4,10+ years,MORTGAGE,56101.0,2015-07-01,Fully Paid,credit_card,TX,680.0,684.0,27583.524702684,22450.0,5133.52,2018-07-01
2370149,15450.0, 36 months,13.11,521.4,B,B4,Unknown,MORTGAGE,53000.0,2012-12-01,Charged Off,debt_consolidation,GA,675.0,679.0,6256.8,4490.99,1760.17,2013-12-01
51996628,28000.0, 60 months,15.61,675.12,D,D1,1 year,MORTGAGE,77000.0,2015-06-01,Charged Off,debt_consolidation,TX,680.0,684.0,10431.67,4009.47,4043.41,2016-06-01
13427774,24000.0, 36 months,7.9,750.97,A,A4,< 1 year,RENT,157000.0,2014-04-01,Fully Paid,credit_card,NY,735.0,739.0,27034.76198015669,24000.0,3034.76,2017-04-01
766119,6500.0, 36 months,13.67,221.12,B,B5,10+ years,MORTGAGE,42500.0,2012-06-01,Fully Paid,credit_card,NC,675.0,679.0,7954.029992303679,6500.0,1439.03,2015-02-01
38500382,14600.0, 36 months,11.44,481.04,B,B4,6 years,RENT,57000.0,2015-01-01,Fully Paid,credit_card,TX,700.0,704.0,16798.1205599021,14600.0,2198.12,2017-01-01
29605620,10000.0, 60 months,24.08,288.15,F,F2,10+ years,RENT,100000.0,2014-10-01,Charged Off,small_business,CA,660.0,664.0,7190.37,2804.5,4385.87,2016-11-01
40237320,28000.0, 60 months,11.44,614.95,B,B4,< 1 year,MORTGAGE,139000.0,2015-02-01,Charged Off,credit_card,CO,670.0,674.0,23881.24,14863.52,7200.61,2018-01-01
60707300,13900.0, 60 months,9.17,289.69,B,B2,< 1 year,MORTGAGE,95000.0,2015-09-01,Fully Paid,credit_card,MD,775.0,779.0,15871.3961370528,13900.0,1971.4,2017-06-01
41236799,18000.0, 36 months,10.99,589.22,B,B4,10+ years,MORTGAGE,102775.0,2015-02-01,Fully Paid,debt_consolidation,MI,740.0,744.0,20905.0908191372,18000.0,2905.09,2017-05-01
17042673,16200.0, 36 months,10.15,523.88,B,B2,2 years,MORTGAGE,50000.0,2014-05-01,Fully Paid,debt_consolidation,PA,665.0,669.0,18609.71,16200.0,2409.71,2016-07-01
24736117,21000.0, 36 months,10.99,687.42,B,B3,Unknown,RENT,66000.0,2014-08-01,Fully Paid,debt_consolidation,NV,675.0,679.0,24746.8492109332,21000.0,3746.85,2017-09-01
34752890,35000.0, 60 months,15.59,843.53,D,D1,10+ years,MORTGAGE,242000.0,2014-11-01,Fully Paid,debt_consolidation,NJ,690.0,694.0,47873.2071828184,35000.0,12873.21,2018-01-01
76332775,24000.0, 60 months,15.31,574.88,C,C5,7 years,MORTGAGE,113000.0,2016-04-01,Fully Paid,debt_consolidation,CA,700.0,704.0,25836.08,24000.0,1836.08,2016-09-01
40786254,20000.0, 36 months,6.92,616.82,A,A4,10+ years,MORTGAGE,75000.0,2015-02-01,Fully Paid,debt_consolidation,TX,700.0,704.0,22224.56508573209,20000.0,2224.57,2018-03-01
44439625,3600.0, 36 months,14.65,124.18,C,C5,8 years,OWN,29000.0,2015-04-01,Fully Paid,vacation,NM,675.0,679.0,4451.9862382937,3600.0,851.99,2018-03-01
109910048,3775.0, 36 months,7.35,117.17,A,A4,10+ years,OWN,67000.0,2017-05-01,Fully Paid,major_purchase,GA,730.0,734.0,3801.787151746,3775.0,26.79,2017-06-01
1556417,15000.0, 36 months,6.03,456.54,A,A1,4 years,RENT,70000.0,2012-10-01,Charged Off,debt_consolidation,NJ,780.0,784.0,2739.24,2315.15,423.19,2013-04-01
1055282,35000.0, 36 months,14.27,1200.82,C,C2,1 year,MORTGAGE,123000.0,2011-12-01,Fully Paid,credit_card,MI,715.0,719.0,42003.8131610655,35000.0,7003.81,2013-11-01
62266811,19500.0, 36 months,13.99,666.37,C,C4,10+ years,OWN,120000.0,2015-10-01,Fully Paid,debt_consolidation,AZ,685.0,689.0,23610.657683786,19500.0,4110.66,2017-12-01
1132406,11000.0, 36 months,16.77,390.93,D,D2,4 years,MORTGAGE,32000.0,2012-02-01,Fully Paid,debt_consolidation,TX,670.0,674.0,14073.1100089146,11000.0,3073.11,2015-02-01
47991012,6675.0, 36 months,9.99,215.36,B,B3,10+ years,RENT,90000.0,2015-05-01,Fully Paid,other,NV,660.0,664.0,7708.6877871279,6675.0,1033.69,2017-08-01
60045119,16575.0, 36 months,16.99,590.87,D,D3,10+ years,RENT,78762.0,2015-09-01,Fully Paid,debt_consolidation,AL,665.0,669.0,20965.9118212003,16575.0,4390.91,2018-01-01
108512501,7000.0, 36 months,9.44,224.04,B,B1,5 years,RENT,38700.0,2017-05-01,Fully Paid,debt_consolidation,IN,690.0,694.0,7049.5179139717,7000.0,49.52,2017-06-01
36038274,12000.0, 60 months,10.49,257.87,B,B3,Unknown,MORTGAGE,50000.0,2014-11-01,Fully Paid,debt_consolidation,NJ,705.0,709.0,12809.23,11999.99,809.24,2015-10-01
67818572,21000.0, 36 months,21.99,801.9,F,F1,10+ years,MORTGAGE,61680.0,2016-01-01,Charged Off,debt_consolidation,TX,670.0,674.0,12766.25,7673.65,5092.6,2017-05-01
74693379,20000.0, 60 months,21.18,543.1,E,E3,3 years,RENT,70000.0,2016-03-01,Charged Off,debt_consolidation,MA,660.0,664.0,2668.43,984.65,1683.78,2016-08-01
6166475,11000.0, 36 months,10.64,358.26,B,B2,5 years,RENT,60000.0,2013-07-01,Fully Paid,debt_consolidation,CA,710.0,714.0,12897.0846681451,11000.0,1897.08,2016-07-01
46496271,30000.0, 60 months,21.67,822.95,E,E5,2 years,MORTGAGE,125000.0,2015-04-01,Charged Off,credit_card,NY,695.0,699.0,4089.06,858.93,1573.8,2015-08-01
137838523,30000.0, 36 months,10.47,974.65,B,B2,5 years,MORTGAGE,44160.0,2018-08-01,Fully Paid,debt_consolidation,CA,680.0,684.0,30524.755510005096,30000.0,524.76,2018-10-01
13026755,16000.0, 36 months,9.67,513.8,B,B1,3 years,RENT,50000.0,2014-03-01,Fully Paid,credit_card,IL,680.0,684.0,18483.68044642889,16000.0,2483.68,2016-12-01
52385487,8000.0, 36 months,9.17,255.04,B,B2,7 years,RENT,70000.0,2015-07-01,Fully Paid,credit_card,CA,675.0,679.0,8790.9757206013,8000.0,790.98,2017-03-01
73191152,12000.0, 36 months,14.46,412.82,C,C4,10+ years,RENT,115000.0,2016-03-01,Fully Paid,debt_consolidation,CA,670.0,674.0,14851.775852195,12000.0,2851.78,2019-03-01
49036746,8000.0, 36 months,9.17,255.04,B,B2,5 years,RENT,54000.0,2015-05-01,Charged Off,debt_consolidation,GA,700.0,704.0,3359.77,2216.37,580.92,2016-04-01
60955055,35000.0, 36 months,8.18,1099.69,B,B1,9 years,MORTGAGE,133350.0,2015-10-01,Fully Paid,debt_consolidation,NJ,715.0,719.0,39103.8279213654,35000.0,4103.83,2017-12-01
92203590,16000.0, 60 months,11.39,351.0,B,B3,6 years,MORTGAGE,76888.0,2016-10-01,Fully Paid,debt_consolidation,TX,685.0,689.0,18981.8579444122,16000.0,2981.86,2018-10-01
75740049,6300.0, 36 months,12.99,212.25,C,C2,10+ years,MORTGAGE,50000.0,2016-03-01,Fully Paid,debt_consolidation,TX,695.0,699.0,6804.0427844886,6300.0,504.04,2017-03-01
1278462,9950.0, 36 months,15.31,346.44,C,C3,6 years,RENT,72000.0,2012-05-01,Fully Paid,debt_consolidation,CA,675.0,679.0,11090.9527274747,9950.0,1140.95,2013-03-01
43391668,12000.0, 36 months,9.17,382.55,B,B2,10+ years,RENT,46000.0,2015-03-01,Fully Paid,credit_card,MS,660.0,664.0,13506.8369542821,12000.0,1506.84,2017-01-01
108945245,8000.0, 36 months,16.02,281.34,C,C5,10+ years,MORTGAGE,51000.0,2017-05-01,Charged Off,debt_consolidation,TN,660.0,664.0,2817.63,1852.95,964.68,2018-03-01
70863953,16000.0, 60 months,24.11,461.31,F,F2,10+ years,RENT,68510.0,2016-02-01,Charged Off,credit_card,FL,685.0,689.0,4866.67,1531.89,3059.78,2016-12-01
68475130,28000.0, 60 months,9.17,583.55,B,B2,10+ years,RENT,85000.0,2015-12-01,Fully Paid,credit_card,NY,695.0,699.0,33315.884872974,28000.0,5315.88,2018-09-01
46407567,4325.0, 36 months,13.99,147.8,C,C4,1 year,RENT,70000.0,2015-04-01,Fully Paid,major_purchase,VA,665.0,669.0,5316.5801040199,4325.0,991.58,2018-03-01
65169751,9000.0, 36 months,12.05,299.15,C,C1,3 years,RENT,50000.0,2015-11-01,Fully Paid,debt_consolidation,NY,695.0,699.0,10701.7943482962,9000.0,1701.79,2018-11-01
26309546,15000.0, 36 months,14.99,519.91,C,C5,10+ years,RENT,500000.0,2014-09-01,Fully Paid,vacation,CA,700.0,704.0,16564.74,15000.0,1564.74,2015-06-01
138838001,5000.0, 36 months,16.14,176.14,C,C4,4 years,MORTGAGE,80000.0,2018-09-01,Fully Paid,home_improvement,CA,685.0,689.0,5354.2452288056,5000.0,354.25,2019-02-01
107712392,6025.0, 36 months,13.49,204.44,C,C2,1 year,RENT,60000.0,2017-05-01,Fully Paid,major_purchase,MA,670.0,674.0,6954.9854992895,6025.0,929.99,2018-10-01
77316253,8000.0, 36 months,8.39,252.14,B,B1,8 years,RENT,45000.0,2016-04-01,Fully Paid,debt_consolidation,FL,695.0,699.0,8826.1538840926,8000.0,826.15,2017-12-01
39721712,22800.0, 60 months,21.99,629.59,E,E5,7 years,MORTGAGE,60000.0,2015-02-01,Charged Off,debt_consolidation,TX,740.0,744.0,11419.74,3618.4,5797.6,2016-05-01
651975,13500.0, 36 months,10.0,435.61,B,B2,5 years,MORTGAGE,94500.0,2011-01-01,Fully Paid,debt_consolidation,IL,720.0,724.0,15682.9633948533,13500.0,2182.96,2014-01-01
66542370,5000.0, 36 months,9.76,160.78,B,B3,5 years,MORTGAGE,50480.0,2015-12-01,Fully Paid,debt_consolidation,CA,660.0,664.0,5779.7884267159,5000.0,779.79,2018-10-01
73429069,30000.0, 36 months,9.75,964.5,B,B3,3 years,MORTGAGE,105000.0,2016-03-01,Fully Paid,debt_consolidation,TX,675.0,679.0,34350.351955156,30000.0,4302.12,2018-05-01
36138408,10000.0, 36 months,12.99,336.9,C,C2,10+ years,OWN,300000.0,2014-11-01,Fully Paid,other,MA,670.0,674.0,12113.591932603,10000.0,2113.59,2017-12-01
128694440,9000.0, 36 months,16.02,316.51,C,C5,4 years,MORTGAGE,48000.0,2018-02-01,Fully Paid,home_improvement,TX,735.0,739.0,9591.0675788826,9000.0,591.07,2018-07-01
69582197,18150.0, 36 months,13.44,615.4,C,C3,Unknown,MORTGAGE,36300.0,2016-01-01,Fully Paid,debt_consolidation,CO,665.0,669.0,19154.09,18150.0,1004.09,2016-06-01
88799157,14400.0, 36 months,8.99,457.85,B,B1,9 years,MORTGAGE,73500.0,2016-10-01,Fully Paid,debt_consolidation,NM,705.0,709.0,15750.161998377,14400.0,1350.16,2018-01-01
80838145,30000.0, 60 months,11.47,659.33,B,B5,6 years,MORTGAGE,115000.0,2016-06-01,Fully Paid,home_improvement,NY,730.0,734.0,35625.356564798,30000.0,5625.36,2018-05-01
112726797,7000.0, 36 months,5.32,210.81,A,A1,10+ years,MORTGAGE,115000.0,2017-07-01,Fully Paid,debt_consolidation,NV,755.0,759.0,7303.700620121801,7000.0,303.7,2018-06-01
69514879,2200.0, 36 months,8.49,69.44,B,B1,10+ years,RENT,84000.0,2016-01-01,Fully Paid,medical,VA,665.0,669.0,2477.5391352288,2200.0,277.54,2018-12-01
63505948,24000.0, 60 months,18.25,612.72,E,E1,6 years,MORTGAGE,63000.0,2015-10-01,Charged Off,debt_consolidation,PA,665.0,669.0,6129.91,754.52,1969.33,2016-06-01
9036263,33000.0, 60 months,17.76,833.69,D,D1,2 years,MORTGAGE,169000.0,2013-11-01,Fully Paid,debt_consolidation,NY,675.0,679.0,43077.4200120914,33000.0,10077.42,2015-11-01
24655471,11000.0, 36 months,15.61,384.62,D,D1,Unknown,RENT,43800.0,2014-08-01,Fully Paid,debt_consolidation,PA,715.0,719.0,13741.1588400955,11000.0,2741.16,2017-01-01
96416580,21025.0, 60 months,15.99,511.18,C,C5,6 years,MORTGAGE,140000.0,2017-01-01,Charged Off,home_improvement,CA,710.0,714.0,7144.7,2193.53,2369.74,2017-10-01
63988701,23700.0, 60 months,19.99,627.78,E,E4,2 years,MORTGAGE,86000.0,2015-11-01,Fully Paid,debt_consolidation,FL,680.0,684.0,28333.6,23700.0,4633.6,2016-11-01
92845200,8500.0, 36 months,10.49,276.24,B,B2,2 years,RENT,41200.0,2016-11-01,Fully Paid,other,GA,760.0,764.0,9433.5133308577,8500.0,933.51,2018-02-01
65693553,24000.0, 60 months,9.17,500.19,B,B2,< 1 year,MORTGAGE,120000.0,2015-11-01,Fully Paid,credit_card,LA,715.0,719.0,24340.09,24000.0,340.09,2015-12-01
44776539,10000.0, 36 months,10.99,327.34,B,B4,2 years,RENT,43000.0,2015-04-01,Fully Paid,debt_consolidation,TX,675.0,679.0,11766.4887411577,10000.0,1766.49,2018-02-01
65906693,18000.0, 60 months,18.2,459.05,E,E1,8 years,RENT,87000.0,2015-12-01,Fully Paid,debt_consolidation,VA,705.0,709.0,24840.8382633942,18000.0,6840.84,2018-07-01
31447349,5000.0, 36 months,10.99,163.67,B,B3,Unknown,RENT,17500.0,2014-10-01,Fully Paid,debt_consolidation,NY,685.0,689.0,5889.0661157964005,5000.0,889.07,2017-10-01
12245385,10000.0, 36 months,16.59,354.5,D,D1,10+ years,RENT,100000.0,2014-03-01,Fully Paid,debt_consolidation,NY,690.0,694.0,12774.3676640746,10000.0,2774.37,2017-03-01
14197683,20000.0, 36 months,7.9,625.81,A,A4,5 years,MORTGAGE,94000.0,2014-04-01,Fully Paid,credit_card,NY,675.0,679.0,22472.15,20000.0,2472.15,2016-11-01
125512637,3900.0, 36 months,6.08,118.79,A,A2,3 years,RENT,75000.0,2017-12-01,Fully Paid,debt_consolidation,PA,795.0,799.0,3932.536598401,3900.0,32.54,2018-01-01
70112131,14000.0, 36 months,12.99,471.65,C,C2,10+ years,MORTGAGE,56000.0,2016-02-01,Fully Paid,debt_consolidation,TX,685.0,689.0,16595.2899138026,14000.0,2595.29,2018-03-01
53544727,16800.0, 60 months,9.99,356.87,B,B3,10+ years,OWN,45000.0,2015-07-01,Fully Paid,credit_card,AR,715.0,719.0,20095.5183909625,16800.0,3295.52,2017-12-01
25206517,18600.0, 36 months,7.69,580.21,A,A4,8 years,RENT,70000.0,2014-08-01,Fully Paid,debt_consolidation,HI,730.0,734.0,20718.63,18600.0,2118.63,2016-11-01
126166548,26000.0, 36 months,10.42,844.09,B,B3,10+ years,MORTGAGE,50000.0,2017-12-01,Fully Paid,debt_consolidation,MI,780.0,784.0,27280.491917750296,26000.0,1280.49,2018-06-01
72714311,22025.0, 36 months,6.97,679.77,A,A3,10+ years,MORTGAGE,72000.0,2016-03-01,Fully Paid,debt_consolidation,MI,780.0,784.0,23792.8958776562,22025.0,1767.9,2017-07-01
1292835,6000.0, 36 months,6.03,182.62,A,A1,10+ years,MORTGAGE,85000.0,2012-05-01,Fully Paid,home_improvement,FL,780.0,784.0,6574.0521643523,6000.0,574.05,2015-05-01
59289158,25600.0, 36 months,13.99,874.83,C,C4,Unknown,MORTGAGE,51235.0,2015-08-01,Fully Paid,credit_card,TN,670.0,674.0,31473.668649819,25600.0,5873.67,2018-09-01
38242215,8600.0, 36 months,9.49,275.45,B,B2,4 years,RENT,38365.0,2015-01-01,Fully Paid,debt_consolidation,CA,715.0,719.0,9343.14,8600.0,743.14,2016-01-01
94255803,25600.0, 36 months,11.49,844.07,B,B5,10+ years,MORTGAGE,80000.0,2016-11-01,Fully Paid,small_business,NY,705.0,709.0,29230.2038443832,25600.0,3630.2,2018-07-01
87464334,20000.0, 36 months,11.49,659.43,B,B5,10+ years,MORTGAGE,118000.0,2016-08-01,Fully Paid,debt_consolidation,GA,665.0,669.0,23266.2819295697,20000.0,3266.28,2018-08-01
84497731,11400.0, 60 months,14.49,268.17,C,C4,3 years,RENT,30000.0,2016-07-01,Fully Paid,debt_consolidation,OK,720.0,724.0,13046.4828374046,11400.0,1646.48,2017-08-01
23916308,4000.0, 36 months,23.43,155.74,F,F1,Unknown,RENT,25200.0,2014-08-01,Charged Off,other,AZ,695.0,699.0,2024.62,1136.7,887.92,2015-10-01
11014756,12575.0, 60 months,13.98,292.47,C,C1,< 1 year,MORTGAGE,91900.0,2014-01-01,Fully Paid,debt_consolidation,CA,740.0,744.0,13780.1500043517,12575.0,1205.15,2014-10-01
91192393,20000.0, 36 months,13.49,678.61,C,C2,2 years,MORTGAGE,154000.0,2016-10-01,Fully Paid,home_improvement,NC,700.0,704.0,24229.1795577813,20000.0,4229.18,2019-02-01
65058877,10000.0, 36 months,6.89,308.27,A,A3,7 years,MORTGAGE,78000.0,2015-11-01,Fully Paid,credit_card,NC,710.0,714.0,11089.9914337439,10000.0,1089.99,2018-11-01
778478,35000.0, 60 months,17.49,570.78,D,D5,10+ years,MORTGAGE,81504.0,2011-06-01,Charged Off,debt_consolidation,NJ,725.0,729.0,7422.2,2822.64,3453.88,2012-06-01
88916775,29675.0, 36 months,18.99,1087.62,D,D3,Unknown,MORTGAGE,94000.0,2016-09-01,Charged Off,debt_consolidation,MD,660.0,664.0,14995.46,9601.03,5394.43,2017-11-01
9189490,2600.0, 36 months,23.4,101.19,E,E5,10+ years,RENT,65000.0,2013-12-01,Charged Off,debt_consolidation,CA,665.0,669.0,2226.18,1370.66,855.4,2015-10-01
124975629,3000.0, 36 months,7.97,93.97,A,A5,< 1 year,RENT,55000.0,2017-11-01,Fully Paid,debt_consolidation,DE,740.0,744.0,3238.5734540316,3000.0,238.57,2019-01-01
27551429,10000.0, 36 months,12.49,334.49,B,B5,10+ years,MORTGAGE,32000.0,2014-10-01,Charged Off,credit_card,IL,670.0,674.0,10385.91,8374.17,1995.02,2017-05-01
18835211,6000.0, 36 months,12.99,202.14,C,C1,10+ years,RENT,58000.0,2014-06-01,Fully Paid,debt_consolidation,NY,685.0,689.0,7276.5969307049,6000.0,1276.6,2017-05-01
65462488,6100.0, 36 months,12.05,202.76,C,C1,Unknown,MORTGAGE,29000.0,2015-11-01,Charged Off,debt_consolidation,GA,725.0,729.0,6074.63,4925.36,1149.27,2018-05-01
2906886,20000.0, 36 months,11.14,656.11,B,B2,6 years,MORTGAGE,60500.0,2013-01-01,Fully Paid,home_improvement,NV,770.0,774.0,23590.779999999097,20000.0,3590.78,2015-10-01
46587101,23200.0, 60 months,23.99,667.29,F,F2,10+ years,MORTGAGE,108313.0,2015-04-01,Charged Off,credit_card,NY,680.0,684.0,3274.61,1058.92,2215.69,2015-09-01
76216689,12600.0, 60 months,11.99,280.22,C,C1,1 year,RENT,40000.0,2016-04-01,Fully Paid,credit_card,NC,675.0,679.0,14825.7864014613,12600.0,2225.79,2017-12-01
38629134,3600.0, 36 months,14.99,124.78,C,C5,10+ years,MORTGAGE,46925.0,2015-01-01,Fully Paid,debt_consolidation,AZ,670.0,674.0,4372.3250375928,3600.0,772.33,2017-01-01
13747504,10000.0, 36 months,12.99,336.9,B,B5,2 years,MORTGAGE,37000.0,2014-04-01,Fully Paid,debt_consolidation,WI,660.0,664.0,11933.1200000097,10000.0,1916.28,2016-05-01
52878183,17675.0, 60 months,18.55,454.14,E,E2,10+ years,MORTGAGE,75000.0,2015-06-01,Charged Off,debt_consolidation,NY,660.0,664.0,17042.52,8622.95,7734.04,2018-07-01
90125867,9700.0, 36 months,17.99,350.63,D,D2,3 years,MORTGAGE,44000.0,2016-09-01,Fully Paid,debt_consolidation,MO,665.0,669.0,11804.0932103344,9700.0,2104.09,2018-03-01
40411575,8000.0, 36 months,11.99,265.68,B,B5,3 years,RENT,49000.0,2015-02-01,Fully Paid,credit_card,OR,660.0,664.0,9549.5900566105,8000.0,1549.59,2018-02-01
5115487,9000.0, 36 months,19.05,330.14,D,D4,6 years,MORTGAGE,80000.0,2013-05-01,Fully Paid,small_business,NY,685.0,689.0,10901.4146619142,9000.0,1901.41,2014-09-01
787891,14000.0, 36 months,6.99,432.22,A,A3,10+ years,RENT,30000.0,2011-06-01,Fully Paid,debt_consolidation,FL,760.0,764.0,15559.7343090649,14000.0,1559.73,2014-07-01
40401395,9000.0, 36 months,11.44,296.53,B,B4,2 years,OWN,65000.0,2015-02-01,Fully Paid,credit_card,TX,690.0,694.0,9648.42,9000.0,648.42,2015-11-01
78983256,29600.0, 36 months,11.47,975.67,B,B5,10+ years,MORTGAGE,82000.0,2016-05-01,Fully Paid,debt_consolidation,VA,665.0,669.0,31750.779441773106,29600.0,2150.78,2017-01-01
94061597,14500.0, 36 months,19.99,538.8,D,D4,10+ years,RENT,38000.0,2016-12-01,Fully Paid,debt_consolidation,MI,690.0,694.0,17443.053787233603,14500.0,2943.05,2018-02-01
115129107,16000.0, 36 months,10.91,523.14,B,B4,10+ years,RENT,42000.0,2017-08-01,Fully Paid,debt_consolidation,CA,720.0,724.0,17577.681950633,16000.0,1577.68,2018-08-01
46694915,23000.0, 60 months,14.65,542.96,C,C5,10+ years,MORTGAGE,90000.0,2015-05-01,Fully Paid,credit_card,MI,700.0,704.0,28234.455293534,23000.0,5234.46,2017-02-01
1376402,17800.0, 36 months,7.9,556.97,A,A4,3 years,RENT,50000.0,2012-11-01,Fully Paid,debt_consolidation,NY,725.0,729.0,20050.7791910757,17800.0,2250.78,2015-11-01
63465425,16000.0, 60 months,15.61,385.79,D,D1,4 years,RENT,69694.0,2015-10-01,Fully Paid,credit_card,IL,670.0,674.0,19712.8311601832,16000.0,3712.83,2017-06-01
83388842,15000.0, 36 months,10.99,491.01,B,B4,2 years,RENT,107000.0,2016-06-01,Fully Paid,debt_consolidation,MN,680.0,684.0,17061.9683742398,15000.0,2061.97,2018-01-01
122263359,14000.0, 36 months,20.0,520.3,D,D4,2 years,OWN,62500.0,2017-10-01,Fully Paid,credit_card,GA,665.0,669.0,15173.5275543304,14000.0,1173.53,2018-04-01
1402394,10000.0, 36 months,16.29,353.01,C,C4,2 years,RENT,60000.0,2012-07-01,Fully Paid,debt_consolidation,NC,675.0,679.0,12708.0800000007,10000.0,2708.08,2015-07-01
1392804,25475.0, 36 months,8.9,808.92,A,A5,10+ years,RENT,84000.0,2012-07-01,Fully Paid,debt_consolidation,NY,745.0,749.0,28535.4095869544,25475.0,3060.41,2014-06-01
33671539,15000.0, 60 months,11.44,329.44,B,B4,10+ years,MORTGAGE,135000.0,2014-11-01,Charged Off,debt_consolidation,OH,680.0,684.0,8594.9,4769.29,2798.3,2016-10-01
1215439,15000.0, 60 months,10.74,324.2,B,B2,2 years,MORTGAGE,59000.0,2012-07-01,Fully Paid,credit_card,TX,770.0,774.0,18988.5000199315,15000.0,3988.5,2016-01-01
78082014,10950.0, 36 months,24.99,435.32,E,E5,3 years,RENT,44000.0,2016-04-01,Fully Paid,small_business,CA,700.0,704.0,15301.4376692371,10950.0,4351.44,2018-08-01
130272965,4000.0, 36 months,10.9,130.77,B,B4,10+ years,RENT,40000.0,2018-03-01,Fully Paid,credit_card,NJ,660.0,664.0,4260.3615296013,4000.0,260.36,2018-10-01
117218445,12800.0, 36 months,12.62,428.95,C,C1,4 years,MORTGAGE,34000.0,2017-09-01,Fully Paid,debt_consolidation,GA,670.0,674.0,14433.7493706135,12800.0,1633.75,2018-10-01
54523130,11450.0, 36 months,16.55,405.67,D,D2,3 years,RENT,80000.0,2015-07-01,Fully Paid,major_purchase,CA,675.0,679.0,14522.0917333037,11450.0,3072.09,2018-02-01
39751540,18000.0, 60 months,11.44,395.33,B,B4,4 years,MORTGAGE,90000.0,2015-01-01,Fully Paid,credit_card,AZ,695.0,699.0,22234.2225747519,18000.0,4234.22,2017-09-01
57783232,17000.0, 60 months,10.99,369.54,B,B4,8 years,RENT,55000.0,2015-08-01,Fully Paid,debt_consolidation,MI,740.0,744.0,20261.646298651,17000.0,3261.65,2017-09-01
88166819,10000.0, 36 months,15.59,349.55,C,C5,3 years,RENT,85000.0,2016-08-01,Charged Off,other,OH,660.0,664.0,5933.69,4148.22,1785.47,2018-02-01
81453538,25025.0, 60 months,23.99,719.78,E,E4,10+ years,MORTGAGE,68000.0,2016-06-01,Charged Off,debt_consolidation,NY,700.0,704.0,4687.01,904.63,1907.78,2016-10-01
7345360,18000.0, 60 months,15.61,434.01,C,C3,10+ years,MORTGAGE,85000.0,2013-09-01,Charged Off,debt_consolidation,SC,675.0,679.0,13457.62,7276.23,5742.52,2016-03-01
7081047,4500.0, 36 months,24.99,178.9,F,F4,6 years,RENT,63000.0,2013-12-01,Fully Paid,other,FL,665.0,669.0,6440.1579168372,4500.0,1940.16,2016-12-01
8156056,22750.0, 36 months,11.99,755.52,B,B3,2 years,MORTGAGE,51000.0,2013-10-01,Fully Paid,debt_consolidation,OH,705.0,709.0,27107.49,22750.0,4357.49,2016-05-01
88342289,22000.0, 60 months,18.99,570.58,D,D3,9 years,RENT,52000.0,2016-08-01,Fully Paid,debt_consolidation,NY,710.0,714.0,28663.6093039685,22000.0,6663.61,2018-05-01
37217462,20000.0, 36 months,14.99,693.21,C,C5,8 years,MORTGAGE,50000.0,2014-12-01,Fully Paid,debt_consolidation,CA,690.0,694.0,24938.838347717203,20000.0,4938.84,2017-12-01
60295718,12000.0, 60 months,9.99,254.91,B,B3,2 years,RENT,37000.0,2015-09-01,Charged Off,debt_consolidation,CA,710.0,714.0,291.54,155.01,136.53,2015-11-01
103479828,13000.0, 36 months,13.49,441.1,C,C2,2 years,OWN,165500.0,2017-04-01,Fully Paid,debt_consolidation,WI,695.0,699.0,13034.1025000001,13000.0,34.1,2017-04-01
70801818,22000.0, 60 months,13.67,508.15,C,C3,10+ years,MORTGAGE,85490.0,2016-02-01,Charged Off,debt_consolidation,MD,680.0,684.0,8605.13,4800.71,3804.42,2017-07-01
8961387,11000.0, 36 months,12.99,370.59,B,B4,10+ years,RENT,90000.0,2013-12-01,Fully Paid,debt_consolidation,CA,675.0,679.0,13082.080005416,11000.0,2082.08,2015-12-01
39562159,11000.0, 60 months,12.99,250.23,C,C2,10+ years,RENT,60000.0,2015-01-01,Charged Off,debt_consolidation,OH,680.0,684.0,7498.96,4616.85,2882.11,2017-07-01
78071237,6000.0, 36 months,16.29,211.81,D,D1,10+ years,RENT,120000.0,2016-04-01,Fully Paid,debt_consolidation,CA,720.0,724.0,6563.0342250591,6000.0,563.03,2017-01-01
10786771,25000.0, 60 months,18.25,638.25,D,D3,10+ years,MORTGAGE,92500.0,2014-01-01,Fully Paid,debt_consolidation,IL,685.0,689.0,33178.930000000095,25000.0,8178.93,2016-02-01
55168165,12000.0, 36 months,6.24,366.37,A,A2,10+ years,MORTGAGE,135000.0,2015-07-01,Fully Paid,debt_consolidation,DE,735.0,739.0,12516.1500005109,12000.0,516.15,2016-04-01
3360498,12000.0, 36 months,13.11,404.97,B,B4,4 years,RENT,71000.0,2013-02-01,Fully Paid,debt_consolidation,NY,700.0,704.0,13177.9155570145,12000.0,1177.92,2014-03-01
138950383,9075.0, 36 months,25.34,362.46,E,E3,Unknown,RENT,15000.0,2018-08-01,Fully Paid,car,AR,710.0,714.0,9221.9203750009,9075.0,146.92,2018-09-01
76864183,40000.0, 60 months,10.75,864.72,B,B4,10+ years,MORTGAGE,129025.0,2016-04-01,Charged Off,credit_card,NE,690.0,694.0,18454.85,6946.75,4246.83,2017-05-01
29934929,12000.0, 60 months,20.99,324.58,E,E4,9 years,MORTGAGE,52491.0,2014-10-01,Charged Off,debt_consolidation,TN,675.0,679.0,11975.41,5266.14,5755.59,2017-08-01
23543556,21000.0, 60 months,11.67,463.64,B,B4,7 years,MORTGAGE,100000.0,2014-08-01,Charged Off,debt_consolidation,VA,725.0,729.0,7878.55,2710.67,1925.73,2015-06-01
6300813,7300.0, 36 months,12.35,243.69,B,B4,2 years,RENT,26488.8,2013-07-01,Fully Paid,credit_card,WI,685.0,689.0,8660.029997413101,7300.0,1360.03,2015-10-01
19004939,2250.0, 36 months,12.99,75.81,C,C1,1 year,RENT,85000.0,2014-06-01,Fully Paid,debt_consolidation,CA,675.0,679.0,2345.09,2250.0,95.09,2014-12-01
92971425,30000.0, 36 months,15.99,1054.57,C,C5,8 years,RENT,200000.0,2016-11-01,Fully Paid,credit_card,FL,665.0,669.0,33131.3841156746,30000.0,3078.65,2017-07-01
9057168,23000.0, 60 months,15.61,554.57,C,C3,1 year,MORTGAGE,72000.0,2013-12-01,Fully Paid,credit_card,AL,700.0,704.0,29148.8799981551,23000.0,6148.88,2015-11-01
110755234,20725.0, 60 months,11.99,460.92,B,B5,3 years,MORTGAGE,52000.0,2017-06-01,Fully Paid,credit_card,PA,745.0,749.0,23951.115478252203,20725.0,3226.12,2018-11-01
8924761,12000.0, 60 months,15.61,289.34,C,C3,10+ years,MORTGAGE,51900.0,2013-11-01,Fully Paid,credit_card,NH,680.0,684.0,14309.8999997691,12000.0,2309.9,2015-03-01
108907433,14000.0, 36 months,13.59,475.71,C,C2,3 years,MORTGAGE,110000.0,2017-05-01,Charged Off,debt_consolidation,TX,660.0,664.0,7249.07,5153.7,2071.58,2019-01-01
4767114,20000.0, 36 months,18.75,730.6,D,D3,9 years,RENT,51000.0,2013-05-01,Fully Paid,debt_consolidation,GA,660.0,664.0,23952.8565755932,20000.0,3952.86,2014-08-01
2524590,5000.0, 36 months,21.0,188.38,E,E2,< 1 year,MORTGAGE,75500.0,2012-12-01,Fully Paid,other,AL,660.0,664.0,5792.6128848462,5000.0,792.61,2013-10-01
116543413,20000.0, 36 months,7.97,626.46,A,A5,< 1 year,RENT,45000.0,2017-08-01,Fully Paid,credit_card,WA,695.0,699.0,20657.169642375706,20000.0,657.17,2018-02-01
76739058,8400.0, 36 months,16.29,296.53,D,D1,Unknown,RENT,38000.0,2016-04-01,Charged Off,debt_consolidation,OH,675.0,679.0,4341.32,2575.69,1264.0,2017-06-01
71015799,24000.0, 60 months,17.27,599.96,D,D2,10+ years,MORTGAGE,103000.0,2016-02-01,Fully Paid,debt_consolidation,MO,700.0,704.0,26865.28,24000.0,2865.28,2016-10-01
85528757,15000.0, 60 months,23.99,431.44,E,E2,6 years,RENT,53192.0,2016-08-01,Fully Paid,major_purchase,NY,775.0,779.0,17351.1912571696,15000.0,2351.19,2017-08-01
61528760,6500.0, 36 months,10.99,212.78,B,B4,3 years,MORTGAGE,32000.0,2015-10-01,Fully Paid,credit_card,KY,670.0,674.0,7392.484835265401,6500.0,892.48,2017-05-01
118691867,16000.0, 60 months,15.05,381.06,C,C4,1 year,OWN,70000.0,2017-09-01,Charged Off,credit_card,CA,685.0,689.0,4559.34,2320.46,2238.88,2018-09-01
39108498,35000.0, 60 months,19.99,927.1,E,E3,10+ years,RENT,168000.0,2015-01-01,Charged Off,debt_consolidation,HI,695.0,699.0,31705.82,14367.86,15865.24,2018-03-01
50343561,15000.0, 36 months,10.99,491.01,B,B4,< 1 year,RENT,40000.0,2015-05-01,Fully Paid,credit_card,CA,735.0,739.0,16975.212583040902,15000.0,1975.21,2016-12-01
21080361,12000.0, 36 months,10.15,388.06,B,B2,8 years,MORTGAGE,47149.0,2014-07-01,Fully Paid,debt_consolidation,FL,710.0,714.0,12101.5,12000.0,101.5,2014-09-01
102297577,6025.0, 36 months,14.99,208.83,C,C4,5 years,RENT,30000.0,2017-03-01,Fully Paid,debt_consolidation,MA,665.0,669.0,7278.5915431748,6025.0,1253.59,2019-02-01
133480386,30000.0, 60 months,9.58,631.23,B,B1,10+ years,MORTGAGE,86000.0,2018-05-01,Fully Paid,major_purchase,CO,720.0,724.0,30900.1617714077,30000.0,900.16,2018-08-01
56097239,6000.0, 36 months,7.89,187.72,A,A5,< 1 year,RENT,113000.0,2015-07-01,Fully Paid,debt_consolidation,IL,700.0,704.0,6642.066587105,6000.0,642.07,2017-05-01
95096173,2700.0, 36 months,8.24,84.91,B,B1,6 years,RENT,39405.48,2016-12-01,Fully Paid,credit_card,TN,700.0,704.0,2733.5758333988,2700.0,33.58,2017-01-01
61428824,35000.0, 60 months,20.99,946.68,E,E5,2 years,MORTGAGE,230000.0,2015-10-01,Fully Paid,debt_consolidation,CA,690.0,694.0,45692.9703445879,35000.0,10692.97,2017-05-01
61443062,4800.0, 36 months,14.65,165.58,C,C5,7 years,RENT,64700.0,2015-10-01,Charged Off,credit_card,AZ,665.0,669.0,1708.04,893.32,427.41,2016-06-01
66614444,8000.0, 36 months,16.99,285.19,D,D3,5 years,RENT,35000.0,2015-12-01,Charged Off,debt_consolidation,NJ,690.0,694.0,3501.21,1830.28,1021.29,2016-10-01
6329701,12000.0, 36 months,19.52,443.04,D,D4,10+ years,RENT,72000.0,2013-07-01,Fully Paid,other,TX,695.0,699.0,12574.398160595902,12000.0,574.4,2013-10-01
73844860,8000.0, 36 months,17.27,286.3,D,D2,Unknown,MORTGAGE,68000.0,2016-04-01,Fully Paid,debt_consolidation,NY,710.0,714.0,10334.5129740618,8000.0,2319.51,2019-02-01
71914521,16000.0, 60 months,12.99,363.97,C,C2,7 years,RENT,70000.0,2016-02-01,Charged Off,debt_consolidation,CO,725.0,729.0,10603.71,5754.61,4304.9,2018-10-01
138160302,8000.0, 36 months,24.37,315.42,E,E2,10+ years,MORTGAGE,85000.0,2018-08-01,Fully Paid,debt_consolidation,OR,660.0,664.0,8715.5782172179,8000.0,715.58,2019-01-01
14478765,15000.0, 60 months,16.99,372.71,D,D3,9 years,RENT,65000.0,2014-07-01,Fully Paid,debt_consolidation,NV,675.0,679.0,16871.41,15000.0,1871.41,2015-04-01
75252908,10000.0, 36 months,5.32,301.15,A,A1,10+ years,MORTGAGE,38000.0,2016-03-01,Fully Paid,credit_card,MN,690.0,694.0,10825.4864166973,10000.0,825.49,2019-02-01
54385190,24000.0, 36 months,7.89,750.86,A,A5,< 1 year,MORTGAGE,90000.0,2015-07-01,Fully Paid,debt_consolidation,VA,725.0,729.0,26222.9697945748,24000.0,2222.97,2017-01-01
105111658,20000.0, 36 months,24.74,792.45,E,E3,10+ years,RENT,64000.0,2017-04-01,Fully Paid,debt_consolidation,NY,680.0,684.0,24339.186583978106,20000.0,4339.19,2018-03-01
58724179,20000.0, 36 months,6.89,616.54,A,A3,7 years,MORTGAGE,74000.0,2015-08-01,Fully Paid,debt_consolidation,TX,685.0,689.0,21384.9100000672,20000.0,1384.91,2016-11-01
20227933,7000.0, 36 months,12.49,234.15,B,B5,2 years,MORTGAGE,40000.0,2014-07-01,Fully Paid,debt_consolidation,FL,660.0,664.0,7603.32,7000.0,603.32,2015-04-01
96849483,15000.0, 60 months,13.99,348.95,C,C3,10+ years,MORTGAGE,50000.0,2017-02-01,Fully Paid,debt_consolidation,IN,685.0,689.0,17617.5785607482,15000.0,2617.58,2018-06-01
51996919,7500.0, 36 months,16.55,265.72,D,D2,Unknown,RENT,15000.0,2015-07-01,Charged Off,debt_consolidation,MN,675.0,679.0,4248.16,2484.66,1221.63,2016-09-01
127094458,16800.0, 36 months,11.99,557.93,B,B5,10+ years,OWN,57000.0,2018-01-01,Fully Paid,debt_consolidation,CO,660.0,664.0,18723.9931960848,16800.0,1923.99,2019-02-01
109939191,4000.0, 36 months,9.44,128.02,B,B1,7 years,RENT,80000.0,2017-05-01,Fully Paid,debt_consolidation,MN,670.0,674.0,4243.3828057643,4000.0,243.38,2018-01-01
1377405,16000.0, 36 months,13.11,539.96,B,B4,10+ years,OWN,98500.0,2012-07-01,Fully Paid,debt_consolidation,NY,695.0,699.0,19456.78818820245,16000.0,3441.79,2015-08-01
90178495,8400.0, 36 months,5.32,252.97,A,A1,4 years,RENT,38000.0,2016-09-01,Fully Paid,home_improvement,NJ,820.0,824.0,8996.883737322,8400.0,596.88,2019-01-01
54157630,20000.0, 36 months,12.29,667.06,C,C1,4 years,OWN,65000.0,2015-07-01,Fully Paid,debt_consolidation,TN,680.0,684.0,24017.7965977408,20000.0,4017.8,2018-08-01
1594470,7200.0, 36 months,7.9,225.29,A,A4,4 years,RENT,58900.0,2012-10-01,Fully Paid,other,NJ,705.0,709.0,8110.43306477,7200.0,910.43,2015-10-01
72602719,35000.0, 60 months,15.31,838.36,C,C5,4 years,RENT,92000.0,2016-02-01,Fully Paid,debt_consolidation,DC,715.0,719.0,38392.25,35000.0,3392.25,2016-11-01
60566654,20000.0, 36 months,5.32,602.3,A,A1,3 years,MORTGAGE,106000.0,2015-10-01,Fully Paid,credit_card,PA,720.0,724.0,21672.1363152851,20000.0,1672.14,2018-07-01
93809716,35000.0, 60 months,11.39,767.81,B,B3,10+ years,MORTGAGE,85000.0,2016-11-01,Fully Paid,debt_consolidation,OH,750.0,754.0,36147.396183230696,35000.0,1147.4,2017-03-01
107623314,24000.0, 60 months,26.24,721.99,E,E5,1 year,MORTGAGE,50000.0,2017-05-01,Fully Paid,debt_consolidation,MS,660.0,664.0,27521.7477228158,24000.0,3485.65,2017-12-01
68496036,10500.0, 36 months,15.77,367.96,D,D1,3 years,RENT,70100.0,2015-12-01,Fully Paid,credit_card,KS,660.0,664.0,13048.516847021,10500.0,2548.52,2018-05-01
119302429,4000.0, 36 months,20.0,148.66,D,D4,5 years,RENT,57000.0,2017-10-01,Fully Paid,debt_consolidation,NY,715.0,719.0,4619.4318666846,4000.0,619.43,2018-08-01
12626020,4500.0, 36 months,12.99,151.61,B,B5,Unknown,MORTGAGE,46373.0,2014-03-01,Fully Paid,debt_consolidation,GA,675.0,679.0,5353.5800010947,4500.0,853.58,2016-03-01
60774488,26200.0, 60 months,20.99,708.66,E,E5,10+ years,MORTGAGE,57000.0,2015-10-01,Fully Paid,debt_consolidation,MN,700.0,704.0,27753.54,26200.0,1553.54,2016-01-01
7376231,9450.0, 36 months,19.2,347.36,D,D3,< 1 year,RENT,30000.0,2013-10-01,Fully Paid,moving,FL,720.0,724.0,10568.8512715288,9450.0,1118.85,2014-06-01
131139262,4000.0, 36 months,7.96,125.28,A,A5,10+ years,MORTGAGE,83000.0,2018-04-01,Fully Paid,home_improvement,CT,725.0,729.0,4021.9755887656,4000.0,21.98,2018-06-01
89027999,3000.0, 36 months,13.99,102.52,C,C3,10+ years,OWN,45000.0,2016-09-01,Fully Paid,debt_consolidation,PA,675.0,679.0,3626.6618287466,3000.0,626.66,2018-11-01
65702227,22500.0, 36 months,7.89,703.93,A,A5,< 1 year,RENT,120000.0,2015-12-01,Fully Paid,debt_consolidation,IL,700.0,704.0,25321.639184237003,22500.0,2821.64,2018-12-01
51566421,3600.0, 36 months,9.99,116.15,B,B3,10+ years,RENT,35000.0,2015-06-01,Fully Paid,debt_consolidation,MD,675.0,679.0,3729.79,3600.0,129.79,2015-10-01
136749217,2000.0, 36 months,15.02,69.36,C,C3,4 years,MORTGAGE,60000.0,2018-07-01,Fully Paid,other,MD,710.0,714.0,2040.6451326394,2000.0,40.65,2018-09-01
63535886,2850.0, 36 months,12.29,95.06,C,C1,10+ years,MORTGAGE,53500.0,2015-11-01,Fully Paid,credit_card,CA,670.0,674.0,3420.0378250107,2850.0,570.04,2018-11-01
28563682,16000.0, 60 months,10.15,341.14,B,B2,Unknown,OWN,50000.0,2014-10-01,Fully Paid,credit_card,CA,700.0,704.0,19350.9173940908,16000.0,3350.92,2017-06-01
5706656,20000.0, 36 months,17.77,720.75,D,D1,10+ years,MORTGAGE,50000.0,2013-06-01,Charged Off,debt_consolidation,NC,670.0,674.0,18138.77,11532.05,5042.16,2015-05-01
129801203,40000.0, 60 months,13.58,922.05,C,C2,10+ years,MORTGAGE,135000.0,2018-03-01,Fully Paid,home_improvement,AR,720.0,724.0,42949.2995237478,40000.0,2949.3,2018-10-01
87354900,13800.0, 36 months,8.99,438.78,B,B1,9 years,MORTGAGE,66000.0,2016-08-01,Fully Paid,debt_consolidation,TX,765.0,769.0,14635.9282594645,13800.0,835.93,2017-06-01
110675404,23800.0, 60 months,19.03,617.78,D,D3,2 years,RENT,110000.0,2017-06-01,Charged Off,debt_consolidation,FL,665.0,669.0,4480.41,484.51,725.89,2017-08-01
94335150,6400.0, 36 months,7.49,199.06,A,A4,10+ years,MORTGAGE,88000.0,2016-12-01,Fully Paid,debt_consolidation,RI,710.0,714.0,6901.5775328075,6400.0,501.58,2018-03-01
92562722,14400.0, 60 months,17.99,365.59,D,D2,3 years,MORTGAGE,70000.0,2016-11-01,Fully Paid,debt_consolidation,PA,710.0,714.0,18487.030742259,14400.0,4087.03,2018-08-01
34873405,10500.0, 36 months,11.99,348.71,B,B5,1 year,RENT,32000.0,2014-11-01,Fully Paid,debt_consolidation,MO,670.0,674.0,12541.9632095518,10500.0,2041.96,2017-11-01
92083848,24000.0, 36 months,5.32,722.76,A,A1,7 years,MORTGAGE,255000.0,2016-11-01,Fully Paid,credit_card,NY,700.0,704.0,24763.883341110497,24000.0,763.88,2017-12-01
1471411,10200.0, 36 months,16.29,360.07,C,C4,8 years,MORTGAGE,68000.0,2012-10-01,Charged Off,credit_card,PA,670.0,674.0,5491.630000000001,2353.89,1242.91,2013-08-01
77575124,10000.0, 36 months,16.29,353.01,D,D1,10+ years,MORTGAGE,44800.0,2016-05-01,Fully Paid,small_business,FL,725.0,729.0,10649.17,10000.0,631.52,2016-11-01
59111079,4400.0, 36 months,12.29,146.76,C,C1,2 years,RENT,30000.0,2015-09-01,Fully Paid,debt_consolidation,FL,660.0,664.0,4446.47,4400.0,46.47,2015-10-01
6615987,12000.0, 36 months,19.52,443.04,D,D4,3 years,RENT,113000.0,2013-08-01,Fully Paid,debt_consolidation,UT,660.0,664.0,13444.9690456797,12000.0,1444.97,2014-04-01
8655143,15600.0, 36 months,13.67,530.68,B,B5,10+ years,MORTGAGE,104000.0,2013-11-01,Fully Paid,debt_consolidation,FL,680.0,684.0,18013.1199980733,15600.0,2413.12,2015-03-01
120187680,4800.0, 36 months,20.0,178.39,D,D4,< 1 year,RENT,45000.0,2017-10-01,Fully Paid,debt_consolidation,FL,730.0,734.0,5680.1912739709,4800.0,865.19,2018-09-01
66401733,14400.0, 60 months,17.57,362.31,D,D4,4 years,MORTGAGE,72500.0,2015-12-01,Charged Off,debt_consolidation,IL,665.0,669.0,6774.81,2520.35,2939.64,2017-03-01
142838223,30000.0, 36 months,16.14,1056.79,C,C4,< 1 year,MORTGAGE,155000.0,2018-11-01,Fully Paid,debt_consolidation,MO,660.0,664.0,30565.1532634986,30000.0,565.15,2019-02-01
88693612,40000.0, 36 months,14.49,1376.65,C,C4,10+ years,MORTGAGE,150000.0,2016-09-01,Fully Paid,debt_consolidation,AZ,720.0,724.0,48062.934870139405,40000.0,8062.93,2018-07-01
91061674,10000.0, 36 months,5.32,301.15,A,A1,10+ years,RENT,120000.0,2016-10-01,Fully Paid,credit_card,NY,790.0,794.0,10476.028790732,10000.0,476.03,2017-10-01
55990870,35000.0, 60 months,16.99,869.66,D,D3,< 1 year,RENT,115000.0,2015-08-01,Fully Paid,debt_consolidation,WI,685.0,689.0,41008.0000029556,35000.0,6008.0,2016-08-01
64098431,30000.0, 36 months,12.59,1004.91,C,C2,10+ years,MORTGAGE,75000.0,2015-11-01,Fully Paid,debt_consolidation,OH,700.0,704.0,35881.3290555568,30000.0,5881.33,2018-03-01
96731860,15000.0, 36 months,10.49,487.47,B,B2,6 years,RENT,65000.0,2017-02-01,Charged Off,debt_consolidation,TX,685.0,689.0,9781.92,7750.99,2006.56,2019-03-01
18565354,7000.0, 36 months,7.69,218.36,A,A4,2 years,MORTGAGE,55000.0,2014-06-01,Fully Paid,credit_card,CO,720.0,724.0,7662.6597543752,7000.0,662.66,2016-05-01
2366010,28000.0, 60 months,17.77,707.52,D,D1,6 years,MORTGAGE,110000.0,2012-12-01,Charged Off,debt_consolidation,MN,675.0,679.0,4245.12,1822.57,2419.97,2013-06-01
138325954,10000.0, 36 months,30.17,425.45,F,F3,< 1 year,MORTGAGE,97000.0,2018-08-01,Fully Paid,credit_card,ID,700.0,704.0,11267.811300521002,10000.0,1267.81,2019-01-01
107360345,20000.0, 36 months,7.99,626.64,A,A5,10+ years,MORTGAGE,78000.0,2017-05-01,Fully Paid,credit_card,IL,710.0,714.0,21955.5212243397,20000.0,1955.52,2018-11-01
111540190,4500.0, 36 months,13.59,152.91,C,C2,6 years,MORTGAGE,82500.0,2017-06-01,Fully Paid,debt_consolidation,FL,705.0,709.0,4787.715333785301,4500.0,287.72,2017-12-01
9806870,18000.0, 36 months,9.67,578.03,B,B1,10+ years,MORTGAGE,100000.0,2013-12-01,Fully Paid,credit_card,WA,725.0,729.0,20720.360000272,18000.0,2720.36,2016-06-01
65039219,10000.0, 36 months,13.18,337.81,C,C3,8 years,MORTGAGE,71000.0,2015-11-01,Fully Paid,home_improvement,MD,705.0,709.0,11922.9512614276,10000.0,1922.95,2017-12-01
48695391,11950.0, 60 months,23.99,343.71,F,F2,5 years,MORTGAGE,100000.0,2015-05-01,Charged Off,other,CA,660.0,664.0,12315.86,3022.94,4866.46,2017-04-01
97850674,8000.0, 36 months,17.99,289.18,D,D2,Unknown,MORTGAGE,40000.0,2017-02-01,Fully Paid,other,WA,710.0,714.0,10099.2883241248,8000.0,2099.29,2019-02-01
65662370,24000.0, 60 months,14.33,562.56,C,C5,10+ years,MORTGAGE,70000.0,2015-11-01,Charged Off,debt_consolidation,GA,685.0,689.0,5160.15,1335.46,2480.67,2016-09-01
31988520,16800.0, 60 months,10.99,365.19,B,B3,10+ years,MORTGAGE,115000.0,2014-10-01,Fully Paid,other,NY,715.0,719.0,18988.54,16800.0,2188.54,2016-02-01
1588449,5500.0, 36 months,10.16,177.89,B,B1,9 years,MORTGAGE,38838.0,2012-10-01,Charged Off,debt_consolidation,CA,705.0,709.0,3735.69,2987.29,726.8,2014-07-01
40490352,6500.0, 36 months,9.49,208.19,B,B2,10+ years,MORTGAGE,50000.0,2015-02-01,Fully Paid,major_purchase,CO,735.0,739.0,7086.737993561899,6500.0,586.74,2016-06-01
58040557,12000.0, 36 months,12.29,400.24,C,C1,2 years,RENT,89000.0,2015-08-01,Fully Paid,debt_consolidation,TX,665.0,669.0,13394.97,12000.0,1394.97,2016-09-01
92850782,12000.0, 60 months,24.74,350.39,E,E3,1 year,RENT,60000.0,2016-11-01,Charged Off,debt_consolidation,WA,670.0,674.0,4631.02,1007.14,2113.38,2017-09-01
60366977,8400.0, 36 months,15.61,293.71,D,D1,< 1 year,MORTGAGE,31000.0,2015-09-01,Fully Paid,medical,CO,675.0,679.0,9637.76,8400.0,1237.76,2016-09-01
33390759,24000.0, 36 months,7.69,748.65,A,A4,2 years,OWN,70000.0,2014-11-01,Fully Paid,debt_consolidation,SC,680.0,684.0,25599.59,24000.0,1599.59,2015-11-01
116256443,3000.0, 36 months,12.62,100.54,C,C1,5 years,RENT,40000.0,2017-08-01,Fully Paid,vacation,VT,715.0,719.0,3257.5530773988003,3000.0,257.55,2018-05-01
30476080,16000.0, 36 months,12.49,535.19,B,B5,< 1 year,MORTGAGE,82000.0,2014-10-01,Fully Paid,debt_consolidation,IL,700.0,704.0,18553.6000000237,16000.0,2553.6,2016-06-01
67298478,24000.0, 60 months,13.18,548.29,C,C3,10+ years,MORTGAGE,91657.0,2015-12-01,Fully Paid,debt_consolidation,MD,690.0,694.0,28886.559354649704,24000.0,4886.56,2017-10-01
5626552,3250.0, 36 months,18.75,118.73,D,D3,4 years,RENT,17664.0,2013-06-01,Fully Paid,credit_card,CA,680.0,684.0,4249.7308007814,3250.0,999.73,2016-01-01
71118939,24000.0, 60 months,17.27,599.96,D,D2,2 years,MORTGAGE,133000.0,2016-02-01,Charged Off,debt_consolidation,NY,670.0,674.0,19141.15,10254.19,8886.96,2018-10-01
133401020,27000.0, 60 months,11.05,587.72,B,B4,3 years,RENT,74500.0,2018-06-01,Fully Paid,debt_consolidation,MA,705.0,709.0,27630.6233733873,27000.0,630.62,2018-08-01
41308249,22675.0, 60 months,18.84,586.21,E,E2,10+ years,MORTGAGE,63000.0,2015-02-01,Fully Paid,other,CT,675.0,679.0,28475.850007818302,22675.0,5800.85,2016-08-01
109840089,7450.0, 36 months,9.93,240.15,B,B2,Unknown,OWN,92000.0,2017-05-01,Charged Off,other,OH,725.0,729.0,3838.29,3040.3,797.99,2018-09-01
63813154,5000.0, 36 months,10.99,163.67,B,B4,10+ years,OWN,19000.0,2015-11-01,Fully Paid,debt_consolidation,MS,660.0,664.0,5885.215075813299,5000.0,885.22,2018-09-01
124133829,2500.0, 36 months,7.35,77.6,A,A4,< 1 year,RENT,80000.0,2017-11-01,Fully Paid,debt_consolidation,NV,750.0,754.0,2543.398487372,2500.0,43.4,2018-02-01
1528212,15250.0, 36 months,15.31,530.97,C,C2,10+ years,RENT,64000.0,2012-10-01,Fully Paid,debt_consolidation,GA,695.0,699.0,19114.6602691654,15250.0,3864.66,2015-10-01
130714620,17000.0, 36 months,9.92,547.91,B,B2,10+ years,OWN,68000.0,2018-04-01,Fully Paid,credit_card,FL,710.0,714.0,17612.8125630547,17000.0,612.81,2018-08-01
63489694,26000.0, 36 months,13.33,880.19,C,C3,2 years,MORTGAGE,65000.0,2015-10-01,Fully Paid,debt_consolidation,GA,715.0,719.0,31664.358205379303,26000.0,5664.36,2018-12-01
46349365,14500.0, 36 months,15.61,506.99,D,D1,9 years,MORTGAGE,78000.0,2015-04-01,Fully Paid,debt_consolidation,CA,660.0,664.0,17690.5909830074,14500.0,3190.59,2017-03-01
73375653,17550.0, 60 months,11.99,390.31,C,C1,10+ years,OWN,39000.0,2016-03-01,Charged Off,credit_card,IL,680.0,684.0,12418.31,6905.54,4075.74,2018-07-01
107753406,3600.0, 36 months,6.99,111.15,A,A2,5 years,MORTGAGE,53000.0,2017-05-01,Fully Paid,other,TX,745.0,749.0,3867.937758853,3600.0,267.94,2018-08-01
74514128,4000.0, 36 months,11.99,132.84,C,C1,1 year,RENT,45000.0,2016-03-01,Fully Paid,major_purchase,SC,675.0,679.0,4779.499685684,4000.0,779.5,2019-03-01
6926396,4200.0, 36 months,18.25,152.37,D,D2,10+ years,MORTGAGE,48000.0,2013-09-01,Fully Paid,moving,LA,670.0,674.0,5485.1924227426,4200.0,1285.19,2016-09-01
95640280,25000.0, 36 months,13.99,854.32,C,C3,2 years,MORTGAGE,72000.0,2017-01-01,Charged Off,debt_consolidation,MO,705.0,709.0,11158.74,5931.36,2563.26,2017-11-01
51938004,24000.0, 60 months,7.89,485.38,A,A5,10+ years,MORTGAGE,94000.0,2015-06-01,Fully Paid,debt_consolidation,MN,665.0,669.0,28508.4153119657,24000.0,4508.42,2018-10-01
62206227,24000.0, 36 months,8.18,754.07,B,B1,1 year,RENT,120000.0,2015-10-01,Fully Paid,debt_consolidation,MA,680.0,684.0,25095.67,24000.0,1095.67,2016-05-01
70411484,14000.0, 36 months,6.99,432.22,A,A3,10+ years,MORTGAGE,76970.0,2016-01-01,Fully Paid,credit_card,PA,705.0,709.0,15548.864304688,14000.0,1548.86,2019-02-01
28633349,13100.0, 36 months,18.24,475.18,D,D5,10+ years,RENT,49100.0,2014-10-01,Charged Off,debt_consolidation,WI,745.0,749.0,9751.8,2957.29,1794.51,2015-08-01
55251139,25000.0, 60 months,13.33,573.06,C,C3,1 year,RENT,105000.0,2015-07-01,Fully Paid,debt_consolidation,CA,725.0,729.0,27499.52,25000.0,2499.52,2016-04-01
113045705,36000.0, 36 months,11.99,1195.55,B,B5,2 years,MORTGAGE,150000.0,2017-07-01,Fully Paid,small_business,KS,725.0,729.0,41418.9141081808,36000.0,5418.91,2019-02-01
94606636,7550.0, 36 months,14.99,261.69,C,C4,10+ years,MORTGAGE,45000.0,2016-12-01,Charged Off,debt_consolidation,MA,725.0,729.0,4196.17,2944.19,1251.98,2018-04-01
20788859,14000.0, 60 months,13.35,321.06,C,C2,4 years,MORTGAGE,108000.0,2014-07-01,Charged Off,credit_card,KY,700.0,704.0,8858.26,3886.34,2855.92,2016-04-01
6894713,7000.0, 36 months,15.88,245.69,C,C4,10+ years,RENT,66761.0,2013-08-01,Fully Paid,debt_consolidation,MA,670.0,674.0,7093.0319869658,7000.0,93.03,2013-09-01
43860172,5600.0, 36 months,12.69,187.86,C,C2,10+ years,RENT,34000.0,2015-04-01,Fully Paid,debt_consolidation,FL,715.0,719.0,6416.7000001622,5600.0,816.7,2016-09-01
61842161,14400.0, 60 months,18.55,369.99,E,E2,Unknown,OWN,36000.0,2015-10-01,Fully Paid,debt_consolidation,TX,690.0,694.0,15490.18,14400.0,1090.18,2016-02-01
91311807,8400.0, 36 months,14.49,289.1,C,C4,10+ years,MORTGAGE,115000.0,2016-10-01,Fully Paid,other,NM,715.0,719.0,9724.7531742685,8400.0,1324.75,2018-01-01
62654566,15000.0, 36 months,6.24,457.97,A,A2,10+ years,MORTGAGE,62000.0,2015-10-01,Fully Paid,debt_consolidation,SD,710.0,714.0,15989.9835417743,15000.0,989.98,2017-02-01
55320430,9000.0, 36 months,19.19,330.77,E,E3,2 years,RENT,25000.0,2015-07-01,Charged Off,debt_consolidation,NY,730.0,734.0,9134.93,5883.51,2884.46,2018-02-01
1008323,6000.0, 36 months,7.51,186.67,A,A3,10+ years,MORTGAGE,32468.8,2011-11-01,Fully Paid,car,AR,725.0,729.0,6713.6200002151,6000.0,713.62,2014-12-01
16862527,10400.0, 60 months,12.99,236.58,C,C1,10+ years,MORTGAGE,33000.0,2014-06-01,Fully Paid,credit_card,CA,755.0,759.0,10733.6985696025,10400.0,333.7,2014-09-01
34443106,6925.0, 36 months,16.49,245.15,D,D3,< 1 year,MORTGAGE,36000.0,2014-11-01,Charged Off,home_improvement,FL,695.0,699.0,3525.21,1549.37,1213.13,2016-03-01
87953270,10000.0, 36 months,13.49,339.31,C,C2,1 year,RENT,37000.0,2016-08-01,Fully Paid,debt_consolidation,TN,680.0,684.0,11791.2658410753,10000.0,1791.27,2018-06-01
36049044,10750.0, 36 months,19.24,395.36,E,E2,3 years,RENT,30000.0,2014-12-01,Fully Paid,credit_card,CA,670.0,674.0,12200.555927251002,10750.0,1450.56,2016-06-01
6906770,21250.0, 60 months,15.88,515.41,C,C4,3 years,MORTGAGE,60000.0,2013-09-01,Fully Paid,home_improvement,TX,705.0,709.0,30610.4122818226,21250.0,9360.41,2017-11-01
4765708,21500.0, 36 months,17.77,774.8,D,D1,2 years,RENT,60000.0,2013-05-01,Fully Paid,credit_card,TN,665.0,669.0,27892.710488588706,21500.0,6392.71,2016-05-01
71785916,9000.0, 36 months,8.39,283.65,B,B1,4 years,MORTGAGE,139500.0,2016-02-01,Fully Paid,home_improvement,NY,675.0,679.0,10189.434382919,9000.0,1189.43,2018-10-01
32098700,14825.0, 60 months,14.99,352.61,C,C5,4 years,MORTGAGE,35000.0,2014-10-01,Fully Paid,debt_consolidation,MI,730.0,734.0,18935.490097819,14825.0,4110.49,2017-01-01
84574714,12000.0, 60 months,8.59,246.72,A,A5,10+ years,MORTGAGE,56000.0,2016-07-01,Fully Paid,home_improvement,NC,825.0,829.0,12481.5614537512,12000.0,481.56,2016-12-01
117863637,4800.0, 36 months,9.93,154.73,B,B2,10+ years,OWN,65000.0,2017-08-01,Fully Paid,medical,MO,660.0,664.0,5252.3153498087,4800.0,452.32,2018-10-01
39721693,27450.0, 36 months,14.99,951.43,C,C5,< 1 year,MORTGAGE,105000.0,2015-01-01,Fully Paid,credit_card,AZ,695.0,699.0,29757.11,27450.0,2307.11,2015-09-01
388991,6000.0, 36 months,11.89,198.99,B,B4,6 years,RENT,66000.0,2009-04-01,Fully Paid,other,CA,720.0,724.0,6879.670838034501,6000.0,879.67,2010-11-01
1455183,7000.0, 36 months,11.14,229.64,B,B2,5 years,MORTGAGE,97000.0,2012-08-01,Charged Off,home_improvement,NV,705.0,709.0,2412.93,1011.02,533.06,2013-11-01
20742421,17000.0, 60 months,13.35,389.86,C,C2,6 years,RENT,59000.0,2014-07-01,Fully Paid,credit_card,MN,695.0,699.0,20269.58,17000.0,3269.58,2016-04-01
38658190,15000.0, 36 months,8.19,471.37,A,A5,3 years,MORTGAGE,76862.0,2015-01-01,Fully Paid,credit_card,VA,690.0,694.0,16588.3600130697,15000.0,1588.36,2016-10-01
62136922,30000.0, 60 months,11.53,660.24,B,B5,4 years,MORTGAGE,72252.0,2015-10-01,Fully Paid,credit_card,CA,690.0,694.0,34763.4194853752,30000.0,4763.42,2017-04-01
116919461,28625.0, 60 months,24.85,837.67,E,E3,6 years,MORTGAGE,145000.0,2017-08-01,Fully Paid,debt_consolidation,TX,680.0,684.0,32291.519354187003,28625.0,3666.52,2018-03-01
796187,6000.0, 36 months,11.49,197.83,B,B4,10+ years,RENT,63000.0,2011-06-01,Fully Paid,debt_consolidation,AL,695.0,699.0,6677.1751524555,6000.0,677.18,2012-09-01
63245717,3300.0, 36 months,12.29,110.07,C,C1,1 year,RENT,34000.0,2015-10-01,Fully Paid,debt_consolidation,CA,660.0,664.0,3435.15,3300.0,135.15,2016-02-01
57135115,14400.0, 36 months,6.89,443.91,A,A3,10+ years,MORTGAGE,55000.0,2015-08-01,Fully Paid,debt_consolidation,OH,690.0,694.0,15885.178329876398,14400.0,1485.18,2017-11-01
1248173,9500.0, 36 months,10.74,309.85,B,B2,1 year,RENT,50000.0,2012-04-01,Fully Paid,credit_card,VA,700.0,704.0,11154.5799970224,9500.0,1654.58,2015-05-01
46315688,28025.0, 60 months,8.18,570.67,B,B1,10+ years,OWN,130000.0,2015-04-01,Fully Paid,debt_consolidation,NJ,790.0,794.0,31392.716960383,28025.0,3367.72,2017-01-01
118170033,4000.0, 36 months,26.3,161.81,E,E5,4 years,RENT,33000.0,2017-09-01,Charged Off,debt_consolidation,TN,675.0,679.0,1294.05,640.21,653.84,2018-06-01
119828452,14000.0, 36 months,7.21,433.63,A,A3,2 years,MORTGAGE,53000.0,2017-09-01,Fully Paid,debt_consolidation,IN,725.0,729.0,14950.1805629089,14000.0,950.18,2018-11-01
105669951,7000.0, 36 months,11.39,230.47,B,B3,1 year,RENT,62000.0,2017-04-01,Fully Paid,credit_card,CA,730.0,734.0,7447.3272260532995,7000.0,447.33,2018-02-01
16181529,5825.0, 36 months,12.49,194.84,B,B5,1 year,RENT,50000.0,2014-06-01,Fully Paid,debt_consolidation,TX,700.0,704.0,6655.901331921999,5825.0,830.9,2016-06-01
100469736,19425.0, 60 months,28.69,612.93,F,F1,1 year,MORTGAGE,42100.0,2017-03-01,Fully Paid,major_purchase,NY,765.0,769.0,22508.4621632992,19425.0,3083.46,2017-09-01
93972623,30200.0, 36 months,14.99,1046.75,C,C4,2 years,MORTGAGE,160000.0,2016-11-01,Fully Paid,debt_consolidation,CA,680.0,684.0,34922.0927530872,30200.0,4722.09,2018-03-01
63174905,8600.0, 36 months,16.55,304.7,D,D2,< 1 year,RENT,49000.0,2015-10-01,Charged Off,credit_card,AZ,670.0,674.0,2534.69,720.99,672.6,2016-05-01
460372,25000.0, 36 months,12.87,840.83,C,C1,6 years,RENT,84000.0,2009-11-01,Fully Paid,debt_consolidation,CA,710.0,714.0,30196.2649950833,24999.99,5196.28,2012-11-01
44936481,11000.0, 60 months,13.99,255.9,C,C4,8 years,RENT,90000.0,2015-04-01,Charged Off,other,NY,680.0,684.0,7520.81,1634.05,1419.65,2016-04-01
60346062,8000.0, 36 months,12.69,268.36,C,C2,10+ years,MORTGAGE,42000.0,2015-09-01,Fully Paid,other,MN,675.0,679.0,9610.0860858571,8000.0,1610.09,2018-05-01
71064457,11900.0, 36 months,17.27,425.87,D,D2,3 years,RENT,35000.0,2016-02-01,Fully Paid,debt_consolidation,MA,685.0,689.0,15339.6956569935,11900.0,3439.7,2019-02-01
65783588,17775.0, 36 months,15.41,619.76,D,D1,3 years,OWN,210000.0,2015-11-01,Charged Off,debt_consolidation,CO,660.0,664.0,11127.08,6898.99,3001.95,2017-04-01
68567472,20000.0, 36 months,6.99,617.46,A,A3,3 years,MORTGAGE,110000.0,2016-01-01,Fully Paid,debt_consolidation,IL,685.0,689.0,22249.1252108152,20000.0,2249.13,2019-01-01
12617570,19725.0, 60 months,18.92,510.81,D,D4,10+ years,MORTGAGE,60000.0,2014-03-01,Charged Off,debt_consolidation,OR,720.0,724.0,18389.16,9583.83,8805.33,2017-03-01
38008162,1000.0, 36 months,12.99,33.69,C,C2,10+ years,MORTGAGE,85000.0,2015-01-01,Fully Paid,other,CA,695.0,699.0,1188.8859083684,1000.0,188.89,2017-02-01
134232996,20000.0, 60 months,11.05,435.35,B,B4,9 years,MORTGAGE,96000.0,2018-06-01,Fully Paid,debt_consolidation,FL,710.0,714.0,21118.9680304589,20000.0,1118.97,2018-12-01
75719385,14500.0, 36 months,9.16,462.18,B,B2,5 years,MORTGAGE,71000.0,2016-03-01,Charged Off,debt_consolidation,KY,710.0,714.0,8141.09,5563.71,1368.81,2017-07-01
120597861,4000.0, 36 months,7.07,123.64,A,A2,7 years,MORTGAGE,47000.0,2017-10-01,Fully Paid,major_purchase,NV,790.0,794.0,4282.417848469,4000.0,282.42,2018-12-01
666395,12000.0, 36 months,10.0,387.21,B,B2,3 years,RENT,35000.0,2011-02-01,Fully Paid,other,CO,720.0,724.0,13935.6861277011,12000.0,1935.69,2014-01-01
66667541,4000.0, 36 months,14.85,138.37,C,C5,10+ years,MORTGAGE,70000.0,2016-01-01,Fully Paid,major_purchase,PA,660.0,664.0,4975.2168318523,4000.0,975.22,2018-11-01
68801141,13000.0, 36 months,6.49,398.38,A,A2,< 1 year,RENT,76000.0,2016-01-01,Fully Paid,debt_consolidation,GA,780.0,784.0,13240.88,13000.0,240.88,2016-10-01
62305484,7875.0, 36 months,15.61,275.35,D,D1,2 years,MORTGAGE,38000.0,2015-10-01,Fully Paid,debt_consolidation,OH,670.0,674.0,9898.8372142306,7875.0,2023.84,2018-11-01
78388929,9600.0, 36 months,12.99,323.42,C,C2,4 years,RENT,46000.0,2016-05-01,Fully Paid,debt_consolidation,MI,680.0,684.0,9823.26,9600.0,223.26,2016-06-01
11678497,25000.0, 36 months,13.98,854.2,C,C1,10+ years,MORTGAGE,60000.0,2014-02-01,Fully Paid,debt_consolidation,VA,675.0,679.0,29320.98,25000.0,4320.98,2015-09-01
38565768,11325.0, 60 months,23.99,325.74,F,F2,10+ years,RENT,53000.0,2015-01-01,Fully Paid,small_business,NY,815.0,819.0,15839.799418377,11325.0,4514.8,2017-06-01
112062355,7800.0, 36 months,12.62,261.39,C,C1,7 years,RENT,51000.0,2017-06-01,Fully Paid,debt_consolidation,NC,660.0,664.0,9078.8991938157,7800.0,1278.9,2019-02-01
92479791,12000.0, 36 months,16.99,427.78,D,D1,10+ years,MORTGAGE,35000.0,2016-10-01,Fully Paid,debt_consolidation,SC,670.0,674.0,15199.6790673994,12000.0,3199.68,2019-03-01
43810494,30000.0, 36 months,9.17,956.37,B,B2,10+ years,OWN,69909.0,2015-03-01,Fully Paid,debt_consolidation,WA,685.0,689.0,34398.6409493396,30000.0,4398.64,2018-03-01
9666626,8000.0, 36 months,14.98,277.25,C,C3,10+ years,OWN,24000.0,2013-12-01,Fully Paid,credit_card,OH,670.0,674.0,9980.7420990046,8000.0,1980.74,2016-12-01
15469568,13000.0, 36 months,7.9,406.78,A,A4,2 years,RENT,70000.0,2014-05-01,Fully Paid,credit_card,VA,695.0,699.0,14633.7344609791,13000.0,1633.73,2017-02-01
76393856,5600.0, 36 months,11.99,185.98,C,C1,10+ years,MORTGAGE,150000.0,2016-04-01,Fully Paid,other,MN,680.0,684.0,6669.1779521525,5600.0,1069.18,2019-01-01
20078476,8000.0, 36 months,12.99,269.52,C,C1,2 years,RENT,30000.0,2014-07-01,Fully Paid,credit_card,CA,675.0,679.0,9702.4175460824,8000.0,1702.42,2017-07-01
23723509,3500.0, 36 months,9.17,111.58,B,B1,6 years,RENT,45000.0,2014-08-01,Fully Paid,credit_card,TX,690.0,694.0,3721.1,3500.0,221.1,2015-05-01
5406012,16800.0, 36 months,12.12,558.97,B,B3,10+ years,MORTGAGE,74000.0,2013-06-01,Fully Paid,debt_consolidation,WA,685.0,689.0,19783.3699958226,16800.0,2983.37,2015-07-01
14700872,25000.0, 36 months,7.62,779.04,A,A3,10+ years,OWN,84000.0,2014-04-01,Fully Paid,credit_card,AR,725.0,729.0,28037.3443494857,25000.0,3037.34,2017-02-01
68292348,15000.0, 36 months,7.91,469.43,A,A5,10+ years,RENT,120000.0,2015-12-01,Fully Paid,credit_card,CA,740.0,744.0,16882.714584113,15000.0,1882.71,2018-12-01
86976440,18500.0, 60 months,25.29,546.15,E,E5,2 years,RENT,115000.0,2016-08-01,Charged Off,debt_consolidation,CA,670.0,674.0,4594.53,814.95,1863.82,2017-01-01
90825510,18000.0, 36 months,9.49,576.51,B,B2,4 years,MORTGAGE,55000.0,2016-10-01,Fully Paid,debt_consolidation,FL,730.0,734.0,19236.9557881402,18000.0,1236.96,2017-08-01
76814412,12800.0, 36 months,11.47,421.92,B,B5,2 years,RENT,45000.0,2016-04-01,Charged Off,debt_consolidation,TN,675.0,679.0,6336.95,4806.53,1530.42,2017-07-01
103428713,35000.0, 36 months,11.39,1152.34,B,B3,10+ years,MORTGAGE,105000.0,2017-03-01,Fully Paid,debt_consolidation,VA,710.0,714.0,39341.248926274,35000.0,4341.25,2018-08-01
4277308,20000.0, 60 months,21.98,552.16,E,E4,10+ years,MORTGAGE,68800.0,2013-04-01,Fully Paid,debt_consolidation,NJ,670.0,674.0,32333.3668030954,20000.0,12333.37,2017-03-01
19097462,21000.0, 36 months,11.67,694.2,B,B4,10+ years,MORTGAGE,85000.0,2014-06-01,Fully Paid,debt_consolidation,TN,660.0,664.0,22699.79,21000.0,1699.79,2015-03-01
644529,19750.0, 60 months,10.36,423.14,B,B5,5 years,MORTGAGE,58000.0,2011-01-01,Fully Paid,credit_card,PA,745.0,749.0,22597.8215294614,19750.0,2847.82,2012-08-01
5976552,4125.0, 36 months,15.22,143.44,C,C3,8 years,RENT,32000.0,2013-07-01,Fully Paid,debt_consolidation,TN,695.0,699.0,4990.4600010389,4125.0,865.46,2015-05-01
99490728,15400.0, 36 months,18.99,564.43,D,D3,3 years,RENT,35004.0,2017-03-01,Charged Off,other,MI,795.0,799.0,2651.8,320.73,227.46,2017-04-01
37820667,27000.0, 60 months,11.44,592.99,B,B4,10+ years,OWN,120000.0,2014-12-01,Fully Paid,home_improvement,CT,785.0,789.0,34152.5181549698,27000.0,7093.22,2019-01-01
57275075,13000.0, 60 months,26.77,395.18,G,G1,< 1 year,RENT,26000.0,2015-08-01,Fully Paid,small_business,CA,660.0,664.0,18946.3205022091,13000.0,5946.32,2017-06-01
51366636,35000.0, 36 months,16.55,1240.03,D,D2,10+ years,RENT,160000.0,2015-06-01,Fully Paid,debt_consolidation,NJ,675.0,679.0,45090.9483254919,35000.0,9966.95,2018-06-01
51416488,35000.0, 36 months,19.99,1300.55,E,E4,10+ years,RENT,135000.0,2015-06-01,Charged Off,debt_consolidation,NY,680.0,684.0,18234.68,9444.45,6084.41,2016-06-01
11814650,3725.0, 36 months,18.92,136.4,D,D4,3 years,RENT,50000.0,2014-02-01,Fully Paid,credit_card,FL,665.0,669.0,4466.85,3725.0,741.85,2015-04-01
87354961,5750.0, 36 months,8.99,182.83,B,B1,9 years,RENT,54450.0,2016-08-01,Fully Paid,debt_consolidation,CA,725.0,729.0,6188.4042754969,5750.0,438.4,2017-08-01
44533395,5600.0, 36 months,13.33,189.58,C,C3,10+ years,MORTGAGE,65000.0,2015-04-01,Fully Paid,credit_card,CA,690.0,694.0,6161.3800000511,5600.0,561.38,2016-03-01
40972106,6075.0, 36 months,22.99,235.13,F,F1,10+ years,OWN,60000.0,2015-02-01,Fully Paid,debt_consolidation,NJ,665.0,669.0,6316.38,6075.0,241.38,2015-04-01
19567103,2800.0, 36 months,19.52,103.38,E,E2,2 years,RENT,40000.0,2014-06-01,Charged Off,debt_consolidation,FL,665.0,669.0,1613.55,759.58,480.98,2015-06-01
94048375,10000.0, 36 months,11.49,329.72,B,B5,9 years,MORTGAGE,35000.0,2016-12-01,Fully Paid,other,NC,670.0,674.0,11406.5581875851,10000.0,1406.56,2018-06-01
85517452,23875.0, 60 months,24.99,700.63,E,E4,4 years,RENT,67000.0,2016-08-01,Charged Off,debt_consolidation,CT,675.0,679.0,16868.76,6251.5,10530.47,2018-08-01
53514627,2000.0, 36 months,15.61,69.93,D,D1,2 years,RENT,59050.0,2015-07-01,Fully Paid,major_purchase,MN,710.0,714.0,2475.3578187595003,2000.0,475.36,2018-06-01
91284430,12000.0, 36 months,6.99,370.48,A,A2,< 1 year,RENT,78000.0,2016-10-01,Fully Paid,debt_consolidation,MA,690.0,694.0,12527.0783067042,12000.0,527.08,2017-06-01
70090735,8800.0, 36 months,17.97,318.01,D,D4,6 years,RENT,22000.0,2016-01-01,Fully Paid,debt_consolidation,NJ,675.0,679.0,11439.5067326673,8800.0,2639.51,2019-01-01
79875138,9000.0, 36 months,7.39,279.51,A,A4,5 years,RENT,31000.0,2016-06-01,Fully Paid,debt_consolidation,TX,730.0,734.0,10061.2382760364,9000.0,1061.24,2019-02-01
90055535,22400.0, 60 months,13.99,521.1,C,C3,10+ years,MORTGAGE,63000.0,2016-09-01,Charged Off,debt_consolidation,WI,720.0,724.0,9071.77,2451.7,2203.38,2017-06-01
65303238,5000.0, 36 months,10.99,163.67,B,B4,1 year,MORTGAGE,53000.0,2015-11-01,Fully Paid,debt_consolidation,MI,690.0,694.0,5788.8516102941,5000.0,788.85,2017-11-01
85607080,16500.0, 60 months,18.99,427.93,D,D3,10+ years,MORTGAGE,55000.0,2016-07-01,Fully Paid,credit_card,OH,670.0,674.0,20070.0631209792,16500.0,3570.06,2017-10-01
72533489,35000.0, 36 months,8.39,1103.09,B,B1,1 year,OWN,153000.0,2016-03-01,Charged Off,debt_consolidation,TX,690.0,694.0,26659.72,13525.38,2988.34,2017-06-01
99858126,6000.0, 36 months,7.99,188.0,A,A5,10+ years,MORTGAGE,64872.0,2017-03-01,Fully Paid,debt_consolidation,AR,720.0,724.0,6444.2022485156,6000.0,444.2,2018-03-01
65814772,28000.0, 36 months,5.32,843.22,A,A1,4 years,RENT,278000.0,2015-11-01,Fully Paid,credit_card,NJ,720.0,724.0,30138.3010355738,28000.0,2138.3,2018-07-01
73333527,22000.0, 36 months,15.31,765.99,C,C5,< 1 year,RENT,98000.0,2016-03-01,Fully Paid,debt_consolidation,WA,665.0,669.0,27537.8230092,22000.0,5537.82,2019-03-01
1267267,12250.0, 60 months,15.31,293.43,C,C3,1 year,RENT,51500.0,2012-05-01,Fully Paid,debt_consolidation,CA,705.0,709.0,12713.6170531363,12250.0,463.62,2012-08-01
6920011,9325.0, 36 months,9.71,299.63,B,B1,3 years,MORTGAGE,50000.0,2013-09-01,Fully Paid,debt_consolidation,FL,680.0,684.0,10579.4199935993,9325.0,1254.42,2015-08-01
92238467,7800.0, 36 months,11.49,257.18,B,B5,10+ years,MORTGAGE,90000.0,2016-10-01,Fully Paid,home_improvement,NC,825.0,829.0,8242.1607048025,7800.0,442.16,2017-05-01
125101225,6000.0, 36 months,16.02,211.01,C,C5,10+ years,MORTGAGE,62000.0,2017-11-01,Fully Paid,home_improvement,FL,670.0,674.0,6269.5799899024,6000.0,269.58,2018-03-01
121894839,8000.0, 36 months,10.91,261.57,B,B4,6 years,MORTGAGE,67000.0,2017-10-01,Fully Paid,debt_consolidation,FL,695.0,699.0,8932.1039886503,8000.0,932.1,2019-02-01
5165674,6000.0, 36 months,10.16,194.06,B,B1,10+ years,MORTGAGE,78000.0,2013-06-01,Fully Paid,home_improvement,CA,705.0,709.0,6877.830001151,6000.0,862.83,2015-05-01
85196835,15000.0, 36 months,6.99,463.09,A,A2,Unknown,RENT,90000.0,2016-07-01,Fully Paid,credit_card,NY,720.0,724.0,16257.6245144824,15000.0,1257.62,2018-03-01
134710874,28000.0, 36 months,17.47,1004.84,D,D1,10+ years,MORTGAGE,250000.0,2018-06-01,Fully Paid,debt_consolidation,TX,695.0,699.0,29882.6280064756,28000.0,1882.63,2019-01-01
37680788,12000.0, 36 months,12.99,404.27,C,C2,10+ years,OWN,60000.0,2014-12-01,Fully Paid,debt_consolidation,NY,700.0,704.0,14545.0436862467,12000.0,2545.04,2017-12-01
55190657,9600.0, 36 months,9.99,309.72,B,B3,8 years,RENT,64000.0,2015-07-01,Fully Paid,debt_consolidation,AZ,725.0,729.0,11175.6345557088,9600.0,1575.63,2018-08-01
772296,19200.0, 36 months,9.99,619.44,B,B1,Unknown,RENT,82000.0,2011-06-01,Fully Paid,debt_consolidation,CA,740.0,744.0,21279.9737039852,19200.0,2079.97,2012-10-01
620486,6000.0, 36 months,13.35,203.18,C,C4,4 years,RENT,35364.0,2010-11-01,Charged Off,debt_consolidation,WI,700.0,704.0,2872.34,1889.01,741.28,2012-01-01
112761650,3600.0, 36 months,10.42,116.88,B,B3,10+ years,OWN,83000.0,2017-07-01,Fully Paid,other,OH,695.0,699.0,4000.4673484074,3600.0,400.47,2018-10-01
55758402,20000.0, 36 months,9.17,637.58,B,B2,10+ years,MORTGAGE,93328.0,2015-07-01,Fully Paid,debt_consolidation,TX,725.0,729.0,22932.4272932724,20000.0,2932.43,2018-07-01
66666413,10000.0, 60 months,13.18,228.46,C,C3,9 years,RENT,72000.0,2015-12-01,Charged Off,debt_consolidation,CO,675.0,679.0,2531.14,858.25,726.33,2016-07-01
73914889,19600.0, 60 months,9.16,408.39,B,B2,10+ years,MORTGAGE,150000.0,2016-03-01,Fully Paid,credit_card,OK,705.0,709.0,20181.9,19600.0,581.9,2016-07-01
62072219,21000.0, 36 months,13.33,710.92,C,C3,4 years,MORTGAGE,45000.0,2015-10-01,Fully Paid,debt_consolidation,TN,660.0,664.0,21631.2,21000.0,631.2,2015-12-01
12926574,35000.0, 60 months,17.57,880.61,D,D2,2 years,MORTGAGE,960000.0,2014-03-01,Fully Paid,home_improvement,NY,760.0,764.0,51860.0861309041,35000.0,16860.09,2018-03-01
11986137,15000.0, 36 months,6.62,460.56,A,A2,10+ years,RENT,60000.0,2014-03-01,Fully Paid,credit_card,TX,730.0,734.0,16579.9525627034,15000.0,1579.95,2017-03-01
1693527,21000.0, 36 months,11.14,688.91,B,B2,3 years,MORTGAGE,110200.0,2012-11-01,Fully Paid,debt_consolidation,FL,715.0,719.0,23660.5980249123,21000.0,2660.6,2014-04-01
2089254,12000.0, 36 months,8.9,381.04,A,A5,7 years,MORTGAGE,66600.0,2012-11-01,Charged Off,home_improvement,AZ,715.0,719.0,5715.600000000002,4609.93,1098.77,2014-02-01
36049299,17925.0, 60 months,13.66,413.94,C,C3,1 year,MORTGAGE,50000.0,2014-12-01,Fully Paid,debt_consolidation,IL,685.0,689.0,20451.87,17925.0,2526.87,2016-01-01
78931502,11575.0, 36 months,17.27,414.24,D,D2,5 years,OWN,28000.0,2016-05-01,Fully Paid,other,AR,740.0,744.0,11691.61,11575.0,116.61,2016-06-01
73640525,25000.0, 36 months,18.99,916.28,D,D4,3 years,RENT,143000.0,2016-03-01,Fully Paid,other,CT,665.0,669.0,32937.067197207594,25000.0,7937.07,2019-01-01
60647198,30000.0, 60 months,16.55,738.34,D,D2,10+ years,MORTGAGE,100000.0,2015-09-01,Charged Off,debt_consolidation,GA,695.0,699.0,27291.0,15532.75,11758.25,2018-10-01
16742265,5000.0, 36 months,13.98,170.84,C,C3,2 years,MORTGAGE,61000.0,2014-05-01,Fully Paid,medical,KS,665.0,669.0,6126.2880371429,5000.0,1126.29,2016-12-01
60246173,21000.0, 60 months,13.33,481.37,C,C3,4 years,RENT,65000.0,2015-09-01,Fully Paid,credit_card,NY,675.0,679.0,23485.51,21000.0,2485.51,2016-08-01
14488814,3950.0, 36 months,14.49,135.95,C,C4,1 year,MORTGAGE,34000.0,2014-07-01,Fully Paid,credit_card,FL,690.0,694.0,4680.98,3950.0,730.98,2016-02-01
5626324,22000.0, 60 months,13.11,501.81,B,B4,5 years,MORTGAGE,100000.0,2013-06-01,Charged Off,credit_card,NJ,705.0,709.0,10839.51,4562.42,3865.58,2015-01-01
19187060,4450.0, 36 months,13.35,150.69,C,C2,10+ years,RENT,50000.0,2014-06-01,Fully Paid,credit_card,KY,665.0,669.0,5424.8125138093,4450.0,974.81,2017-06-01
89593518,10800.0, 60 months,24.49,313.78,E,E3,10+ years,RENT,62950.0,2016-09-01,Fully Paid,debt_consolidation,GA,675.0,679.0,11590.850154843502,10800.0,790.85,2017-01-01
84103712,8000.0, 36 months,8.99,254.37,B,B1,2 years,MORTGAGE,90000.0,2016-07-01,Fully Paid,debt_consolidation,WA,740.0,744.0,8221.55,8000.0,221.55,2016-10-01
41206135,15000.0, 36 months,6.92,462.61,A,A4,< 1 year,MORTGAGE,125000.0,2015-02-01,Fully Paid,credit_card,MD,690.0,694.0,16641.0502821459,15000.0,1641.05,2017-12-01
48716785,7000.0, 36 months,9.17,223.16,B,B2,6 years,MORTGAGE,96000.0,2015-05-01,Fully Paid,other,IL,715.0,719.0,8026.315742169,7000.0,1026.32,2018-05-01
51147523,12800.0, 36 months,12.69,429.38,C,C2,10+ years,MORTGAGE,58000.0,2015-06-01,Fully Paid,debt_consolidation,FL,665.0,669.0,14992.148402085,12800.0,2192.15,2017-06-01
68894720,15000.0, 36 months,9.8,482.61,B,B3,5 years,RENT,150000.0,2016-01-01,Fully Paid,credit_card,NY,675.0,679.0,17442.118323953302,15000.0,2417.99,2019-02-01
70781379,10000.0, 60 months,22.45,194.25,E,E5,2 years,RENT,52000.0,2016-02-01,Fully Paid,debt_consolidation,CO,705.0,709.0,13341.4346088309,10000.0,3341.43,2018-04-01
25717183,15000.0, 36 months,6.49,459.67,A,A2,2 years,MORTGAGE,130000.0,2014-08-01,Fully Paid,debt_consolidation,NY,715.0,719.0,16287.190011799,15000.0,1287.19,2016-06-01
76191612,9000.0, 36 months,9.16,286.87,B,B2,Unknown,MORTGAGE,93600.0,2016-04-01,Fully Paid,debt_consolidation,NJ,670.0,674.0,10002.770221282,9000.0,1002.77,2017-10-01
21110499,12000.0, 60 months,15.61,289.34,D,D1,7 years,MORTGAGE,51630.0,2014-10-01,Fully Paid,debt_consolidation,MT,730.0,734.0,16445.603079309,12000.0,4445.6,2017-11-01
129929826,18000.0, 36 months,9.43,576.01,B,B1,4 years,OWN,72000.0,2018-03-01,Fully Paid,credit_card,MA,675.0,679.0,19165.2968408827,18000.0,1165.3,2019-02-01
35084036,8000.0, 36 months,12.99,269.52,C,C2,Unknown,RENT,44000.0,2014-11-01,Fully Paid,debt_consolidation,MA,705.0,709.0,8420.51,8000.0,420.51,2015-05-01
64979626,18000.0, 36 months,5.32,542.07,A,A1,3 years,RENT,120000.0,2015-11-01,Fully Paid,credit_card,CA,725.0,729.0,19509.0467155818,18000.0,1509.05,2018-11-01
508798,24000.0, 36 months,12.73,805.59,C,C1,2 years,MORTGAGE,76596.0,2010-05-01,Fully Paid,debt_consolidation,PA,715.0,719.0,28724.9741914675,24000.0,4724.97,2012-11-01
84616402,9600.0, 36 months,15.59,335.57,C,C5,6 years,OWN,33000.0,2016-07-01,Fully Paid,debt_consolidation,FL,675.0,679.0,11495.8463466249,9600.0,1895.85,2019-03-01
48151086,20000.0, 60 months,15.61,482.23,D,D1,10+ years,RENT,70000.0,2015-05-01,Charged Off,debt_consolidation,IN,775.0,779.0,7507.2,2413.06,3348.11,2016-08-01
85705071,5900.0, 36 months,15.59,206.24,C,C5,< 1 year,OWN,18480.0,2016-07-01,Fully Paid,other,CT,710.0,714.0,7122.530086975,5900.0,1222.53,2018-05-01
49944734,6000.0, 36 months,10.99,196.41,B,B4,1 year,RENT,41000.0,2015-05-01,Fully Paid,debt_consolidation,GA,660.0,664.0,6628.51,6000.0,628.51,2016-07-01
717657,5600.0, 36 months,10.74,182.65,B,B4,< 1 year,MORTGAGE,90000.0,2011-04-01,Charged Off,debt_consolidation,GA,690.0,694.0,2754.750000000007,2111.37,620.69,2012-07-01
46610810,4375.0, 36 months,12.29,145.92,C,C1,2 years,RENT,25000.0,2015-04-01,Fully Paid,credit_card,CA,705.0,709.0,4590.86,4375.0,215.86,2015-10-01
17473217,5000.0, 36 months,11.67,165.29,B,B4,2 years,RENT,27000.0,2014-06-01,Fully Paid,credit_card,VA,660.0,664.0,5950.207676056801,5000.0,950.21,2017-06-01
100160939,12000.0, 36 months,11.49,395.66,B,B5,10+ years,MORTGAGE,75000.0,2017-03-01,Fully Paid,debt_consolidation,AZ,680.0,684.0,13326.9115585562,12000.0,1326.91,2018-04-01
7385775,24725.0, 36 months,8.6,781.66,A,A4,10+ years,MORTGAGE,65000.0,2013-09-01,Fully Paid,debt_consolidation,VA,715.0,719.0,25722.570825446703,24725.0,997.57,2014-03-01
44563704,11200.0, 60 months,18.84,289.55,E,E2,9 years,MORTGAGE,62000.0,2015-04-01,Fully Paid,debt_consolidation,NV,690.0,694.0,17019.2007941818,11200.0,5819.2,2019-03-01
22463789,35000.0, 60 months,17.57,880.61,D,D4,10+ years,MORTGAGE,107000.0,2014-07-01,Fully Paid,debt_consolidation,CA,690.0,694.0,39022.08,35000.0,4022.08,2015-04-01
90054161,5500.0, 36 months,14.49,189.29,C,C4,< 1 year,RENT,47000.0,2016-09-01,Fully Paid,debt_consolidation,NY,690.0,694.0,5728.1651014962,5500.0,228.17,2017-02-01
67378734,19875.0, 60 months,16.55,489.15,D,D2,10+ years,MORTGAGE,56000.0,2015-12-01,Fully Paid,debt_consolidation,IL,690.0,694.0,23311.8379942481,19875.0,3436.84,2017-01-01
56088531,7500.0, 36 months,12.29,250.15,C,C1,7 years,RENT,38000.0,2015-07-01,Fully Paid,debt_consolidation,TX,685.0,689.0,8967.7895771438,7500.0,1467.79,2018-05-01
46998601,10500.0, 60 months,16.99,260.9,D,D3,8 years,RENT,50000.0,2015-05-01,Fully Paid,debt_consolidation,NY,690.0,694.0,12305.62,10500.0,1805.62,2016-06-01
65653599,35000.0, 36 months,13.67,1190.62,C,C4,2 years,MORTGAGE,82323.0,2015-12-01,Fully Paid,debt_consolidation,MI,680.0,684.0,35015.29,35000.0,15.29,2015-12-01
96373523,9000.0, 36 months,11.44,296.53,B,B4,Unknown,RENT,39336.0,2017-01-01,Fully Paid,debt_consolidation,CA,670.0,674.0,10036.0323008913,9000.0,1036.03,2019-02-01
72592358,12000.0, 60 months,11.99,266.88,C,C1,2 years,MORTGAGE,150000.0,2016-02-01,Fully Paid,debt_consolidation,NJ,660.0,664.0,14334.031653028998,12000.0,2334.03,2017-12-01
84749151,9000.0, 36 months,7.59,280.33,A,A3,< 1 year,MORTGAGE,78000.0,2016-07-01,Fully Paid,credit_card,UT,710.0,714.0,9512.717133458,9000.0,512.72,2017-05-01
99800077,15000.0, 36 months,13.49,508.96,C,C2,1 year,RENT,40000.0,2017-03-01,Charged Off,credit_card,CA,710.0,714.0,6174.0,2832.25,1627.32,2018-03-01
88023658,28000.0, 60 months,10.99,608.65,B,B4,8 years,OWN,215000.0,2016-08-01,Fully Paid,debt_consolidation,FL,710.0,714.0,30064.9251765264,28000.0,2064.93,2017-04-01
74592497,24000.0, 36 months,5.32,722.76,A,A1,10+ years,MORTGAGE,55000.0,2016-03-01,Fully Paid,credit_card,GA,680.0,684.0,25762.4326965473,24000.0,1762.43,2018-03-01
45724505,17000.0, 36 months,7.89,531.86,A,A5,7 years,RENT,150000.0,2015-04-01,Charged Off,credit_card,TX,690.0,694.0,17095.11,14990.52,2104.59,2018-01-01
46428588,6375.0, 36 months,5.93,193.74,A,A1,< 1 year,RENT,62000.0,2015-04-01,Fully Paid,debt_consolidation,VA,695.0,699.0,6972.450370656,6375.0,597.45,2018-04-01
3724793,25000.0, 60 months,21.49,683.25,E,E3,10+ years,MORTGAGE,135000.0,2013-03-01,Fully Paid,debt_consolidation,NY,690.0,694.0,40419.5104463725,25000.0,15419.51,2017-07-01
6787135,18050.0, 36 months,9.71,579.97,B,B1,Unknown,MORTGAGE,68000.0,2013-08-01,Fully Paid,debt_consolidation,PA,695.0,699.0,20878.8474348157,18050.0,2828.85,2016-08-01
45294634,8000.0, 36 months,9.17,255.04,B,B2,< 1 year,OWN,25000.0,2015-04-01,Charged Off,credit_card,WI,665.0,669.0,2775.52,1388.86,392.34,2015-11-01
9374755,17000.0, 36 months,22.9,657.18,E,E4,6 years,RENT,68000.0,2013-12-01,Fully Paid,credit_card,NY,665.0,669.0,21425.3399969018,17000.0,4425.34,2015-04-01
4295101,5000.0, 36 months,18.75,182.65,D,D3,10+ years,MORTGAGE,75000.0,2013-04-01,Fully Paid,vacation,NJ,690.0,694.0,5302.711939574,5000.0,302.71,2013-08-01
60884864,7275.0, 36 months,23.99,285.39,F,F3,10+ years,MORTGAGE,58000.0,2015-10-01,Fully Paid,debt_consolidation,MN,750.0,754.0,7467.62,7275.0,192.62,2015-11-01
49953454,8000.0, 36 months,12.29,266.83,C,C1,2 years,RENT,42000.0,2015-05-01,Fully Paid,debt_consolidation,FL,670.0,674.0,9564.654777601,8000.0,1564.65,2018-05-01
67938510,20975.0, 36 months,12.59,702.6,C,C2,< 1 year,RENT,152000.0,2015-12-01,Fully Paid,credit_card,CA,660.0,664.0,22339.0900011184,20975.0,1364.09,2016-06-01
73763789,12000.0, 36 months,15.31,417.81,C,C5,Unknown,MORTGAGE,62000.0,2016-03-01,Fully Paid,other,PA,680.0,684.0,13153.5300015853,12000.0,1153.53,2016-11-01
1264212,7500.0, 36 months,12.12,249.54,B,B3,< 1 year,RENT,140000.0,2012-05-01,Fully Paid,debt_consolidation,MA,710.0,714.0,8987.0399958351,7500.0,1487.04,2015-05-01
106307244,6100.0, 36 months,11.39,200.84,B,B3,10+ years,MORTGAGE,85000.0,2017-05-01,Fully Paid,medical,MA,660.0,664.0,6806.0894037862,6100.0,706.09,2018-07-01
59471598,6000.0, 36 months,9.17,191.28,B,B2,1 year,RENT,85000.0,2015-09-01,Fully Paid,debt_consolidation,CA,685.0,689.0,6878.1706379156,6000.0,878.17,2018-09-01
115355574,1750.0, 36 months,13.59,59.47,C,C2,2 years,MORTGAGE,71000.0,2017-08-01,Fully Paid,debt_consolidation,KY,725.0,729.0,1874.7764693167,1750.0,124.78,2018-02-01
48001136,5000.0, 36 months,6.68,153.66,A,A3,10+ years,RENT,55000.0,2015-05-01,Fully Paid,debt_consolidation,NY,735.0,739.0,5508.3803050388,5000.0,508.38,2017-10-01
74597219,25000.0, 36 months,22.45,960.6,E,E5,1 year,MORTGAGE,88700.0,2016-03-01,Charged Off,small_business,TX,690.0,694.0,13455.05,6740.14,6341.35,2017-09-01
68053448,28125.0, 60 months,19.48,737.03,E,E2,9 years,RENT,67000.0,2016-02-01,Charged Off,debt_consolidation,CA,665.0,669.0,13649.05,4720.4,6304.61,2017-05-01
91448580,32000.0, 36 months,6.99,987.93,A,A2,3 years,OWN,90000.0,2016-10-01,Fully Paid,credit_card,SC,755.0,759.0,34457.5985327971,32000.0,2457.6,2018-03-01
76275131,20000.0, 60 months,7.39,399.72,A,A4,10+ years,MORTGAGE,90000.0,2016-05-01,Fully Paid,debt_consolidation,OH,750.0,754.0,21522.8158766506,20000.0,1522.82,2017-07-01
765968,7000.0, 36 months,5.42,211.12,A,A1,10+ years,MORTGAGE,72000.0,2011-05-01,Fully Paid,credit_card,GA,785.0,789.0,7134.1665376176,7000.0,134.17,2012-02-01
74523678,2800.0, 36 months,11.99,92.99,C,C1,8 years,OWN,82000.0,2016-03-01,Fully Paid,debt_consolidation,PA,715.0,719.0,3345.6276396257,2800.0,545.63,2019-03-01
56119475,15000.0, 36 months,11.53,494.86,B,B5,6 years,MORTGAGE,39000.0,2015-08-01,Fully Paid,debt_consolidation,CO,670.0,674.0,15615.05,15000.0,615.05,2016-01-01
83878506,7450.0, 36 months,16.99,265.58,D,D1,2 years,MORTGAGE,38100.0,2016-06-01,Fully Paid,debt_consolidation,AL,660.0,664.0,7551.9,7450.0,101.9,2016-08-01
5617182,20800.0, 36 months,14.33,714.24,C,C1,4 years,MORTGAGE,70000.0,2013-06-01,Fully Paid,credit_card,TX,720.0,724.0,25407.4900027639,20800.0,4607.49,2015-09-01
119341109,24150.0, 60 months,9.93,512.29,B,B2,< 1 year,MORTGAGE,42000.0,2017-09-01,Fully Paid,debt_consolidation,PA,715.0,719.0,26617.557775687,24150.0,2467.56,2018-10-01
14568390,20850.0, 36 months,13.65,709.07,C,C1,9 years,MORTGAGE,79000.0,2014-04-01,Fully Paid,other,MN,720.0,724.0,25526.272161651403,20850.0,4676.27,2017-04-01
46315720,15000.0, 60 months,12.69,338.93,C,C2,10+ years,MORTGAGE,90000.0,2015-04-01,Fully Paid,home_improvement,AZ,695.0,699.0,19195.8590348974,15000.0,4195.86,2018-03-01
117238954,15000.0, 60 months,16.02,364.94,C,C5,8 years,MORTGAGE,62000.0,2017-09-01,Fully Paid,debt_consolidation,AL,700.0,704.0,15541.3150239654,15000.0,541.32,2017-11-01
81331523,2875.0, 36 months,14.46,98.91,C,C4,10+ years,RENT,29099.0,2016-06-01,Fully Paid,debt_consolidation,AR,660.0,664.0,3517.2135998779,2875.0,642.21,2018-09-01
74565132,3025.0, 36 months,9.75,97.26,B,B3,3 years,RENT,60000.0,2016-03-01,Fully Paid,credit_card,GA,665.0,669.0,3265.1847556538,3025.0,240.18,2017-02-01
48121142,10000.0, 60 months,18.84,258.53,E,E2,10+ years,RENT,56000.0,2015-05-01,Charged Off,debt_consolidation,CA,665.0,669.0,6859.52,2363.99,2810.84,2017-02-01
46736313,20000.0, 60 months,12.69,451.9,C,C2,10+ years,OWN,75000.0,2015-05-01,Fully Paid,debt_consolidation,NY,680.0,684.0,22634.960014112003,20000.0,2634.96,2016-06-01
64097808,15000.0, 36 months,13.18,506.72,C,C3,Unknown,MORTGAGE,100000.0,2015-11-01,Fully Paid,home_improvement,NY,665.0,669.0,18068.5719445298,15000.0,3068.57,2018-02-01
139380607,5000.0, 36 months,18.94,183.13,D,D2,Unknown,RENT,23500.0,2018-09-01,Charged Off,moving,FL,710.0,714.0,177.87,104.21,73.66,2018-10-01
62205573,10000.0, 36 months,7.26,309.97,A,A4,10+ years,RENT,55000.0,2015-10-01,Fully Paid,debt_consolidation,WA,685.0,689.0,11130.1996175614,10000.0,1130.2,2018-07-01
22364708,9550.0, 36 months,20.2,355.89,E,E3,8 years,RENT,47000.0,2014-08-01,Fully Paid,debt_consolidation,NY,680.0,684.0,12910.3339482884,9550.0,3360.33,2017-08-01
10394624,8000.0, 36 months,13.98,273.35,C,C1,1 year,MORTGAGE,40000.0,2014-01-01,Fully Paid,debt_consolidation,TX,680.0,684.0,9817.99,8000.0,1817.99,2016-10-01
55080376,26400.0, 60 months,19.99,699.3,E,E4,1 year,RENT,78000.0,2015-07-01,Charged Off,debt_consolidation,NY,660.0,664.0,25063.17,4996.41,6745.09,2017-01-01
680060,9000.0, 36 months,7.66,280.62,A,A5,2 years,OWN,42000.0,2011-02-01,Fully Paid,debt_consolidation,CA,740.0,744.0,10100.716743558996,9000.0,1100.72,2014-02-01
67860030,19825.0, 36 months,16.55,702.39,D,D2,2 years,RENT,68000.0,2016-01-01,Fully Paid,debt_consolidation,MI,665.0,669.0,24600.7971187931,19825.0,4775.8,2017-12-01
65190113,18000.0, 60 months,18.2,459.05,E,E1,10+ years,RENT,75000.0,2015-11-01,Charged Off,debt_consolidation,CA,690.0,694.0,12890.37,6430.55,6459.82,2018-03-01
106845294,28000.0, 36 months,13.49,950.06,C,C2,10+ years,RENT,78000.0,2017-05-01,Fully Paid,debt_consolidation,MA,720.0,724.0,28681.5190093504,28000.0,681.52,2017-07-01
11668417,5700.0, 36 months,7.62,177.62,A,A3,9 years,RENT,45000.0,2014-02-01,Fully Paid,debt_consolidation,TX,700.0,704.0,6394.3100025907,5700.0,694.31,2017-02-01
126778820,16000.0, 60 months,13.59,368.9,C,C2,10+ years,MORTGAGE,135000.0,2018-01-01,Fully Paid,home_improvement,CO,685.0,689.0,16745.4578882911,16000.0,745.46,2018-05-01
6617296,7200.0, 36 months,15.88,252.71,C,C4,2 years,RENT,86000.0,2013-08-01,Fully Paid,credit_card,NY,670.0,674.0,7980.1579423777,7200.0,780.16,2014-05-01
39459400,10000.0, 36 months,13.66,340.13,C,C3,Unknown,OWN,31000.0,2015-01-01,Fully Paid,debt_consolidation,FL,665.0,669.0,12223.2597052774,10000.0,2223.26,2017-11-01
51035323,6000.0, 36 months,9.17,191.28,B,B2,6 years,RENT,33000.0,2015-06-01,Fully Paid,credit_card,TX,690.0,694.0,6774.250137871801,6000.0,774.25,2017-05-01
70824555,15000.0, 60 months,23.13,423.98,F,F1,4 years,RENT,47000.0,2016-02-01,Charged Off,debt_consolidation,CA,660.0,664.0,4051.12,1154.49,2300.75,2016-11-01
66064798,14000.0, 36 months,10.64,455.96,B,B4,5 years,RENT,237000.0,2015-12-01,Charged Off,debt_consolidation,IL,665.0,669.0,2614.87,1004.33,347.0,2016-03-01
66413903,35000.0, 60 months,17.86,886.11,D,D5,9 years,RENT,95000.0,2015-12-01,Charged Off,debt_consolidation,NY,690.0,694.0,18648.14,7000.96,8028.18,2017-05-01
2404625,25000.0, 36 months,11.14,820.13,B,B2,10+ years,MORTGAGE,185000.0,2012-12-01,Fully Paid,debt_consolidation,MN,675.0,679.0,28433.2102598062,25000.0,3433.21,2014-09-01
49257264,24325.0, 60 months,18.55,625.0,E,E2,7 years,MORTGAGE,80000.0,2015-05-01,Fully Paid,debt_consolidation,VA,660.0,664.0,31603.0584091958,24325.0,7278.06,2017-03-01
5184905,9000.0, 36 months,11.14,295.25,B,B2,10+ years,RENT,92000.0,2013-05-01,Fully Paid,debt_consolidation,CA,685.0,689.0,10628.8087904275,9000.0,1628.81,2016-06-01
60764960,35000.0, 60 months,13.33,802.29,C,C3,10+ years,MORTGAGE,99000.0,2015-10-01,Charged Off,debt_consolidation,PA,715.0,719.0,16337.77,7196.8,5612.99,2017-02-01
91167528,6000.0, 36 months,7.59,186.89,A,A3,10+ years,MORTGAGE,165000.0,2016-10-01,Fully Paid,debt_consolidation,WI,710.0,714.0,6675.414270178299,6000.0,675.41,2019-02-01
121374747,35000.0, 36 months,26.3,1415.78,E,E5,< 1 year,OWN,90000.0,2017-10-01,Fully Paid,debt_consolidation,IN,715.0,719.0,41916.6397467179,35000.0,6916.64,2018-08-01
73121428,20000.0, 60 months,10.75,432.36,B,B4,3 years,OWN,72000.0,2016-02-01,Fully Paid,credit_card,AZ,690.0,694.0,23426.962271995097,20000.0,3426.96,2018-01-01
68550985,11200.0, 60 months,18.99,290.48,E,E1,3 years,RENT,74000.0,2016-01-01,Charged Off,debt_consolidation,VA,660.0,664.0,7332.18,2790.37,3329.07,2017-11-01
87035875,10000.0, 36 months,13.99,341.73,C,C3,10+ years,MORTGAGE,74340.0,2016-08-01,Charged Off,debt_consolidation,MD,695.0,699.0,8536.77,5644.19,2105.63,2018-11-01
93990082,3300.0, 36 months,8.24,103.78,B,B1,7 years,RENT,40000.0,2016-11-01,Fully Paid,debt_consolidation,MN,710.0,714.0,3513.6513621783,3300.0,213.65,2017-10-01
109963764,5000.0, 36 months,14.08,171.09,C,C3,Unknown,OWN,26000.0,2017-05-01,Charged Off,other,NJ,695.0,699.0,1696.94,457.67,216.91,2017-10-01
95207919,7000.0, 36 months,13.99,239.21,C,C3,3 years,RENT,30000.0,2016-12-01,Charged Off,credit_card,CA,710.0,714.0,3556.29,2017.33,842.31,2017-12-01
7711573,10000.0, 36 months,14.3,343.24,C,C1,10+ years,MORTGAGE,30000.0,2013-10-01,Fully Paid,debt_consolidation,MI,725.0,729.0,12361.8874352779,10000.0,2361.89,2016-11-01
89946605,4800.0, 36 months,11.49,158.27,B,B5,6 years,MORTGAGE,85000.0,2016-09-01,Charged Off,major_purchase,FL,685.0,689.0,2073.63,1172.75,406.89,2017-08-01
114517432,20000.0, 36 months,11.99,664.2,B,B5,1 year,RENT,60000.0,2017-08-01,Fully Paid,credit_card,WA,700.0,704.0,22619.3479873542,20000.0,2619.35,2019-01-01
21110674,17350.0, 60 months,18.99,449.98,E,E1,3 years,MORTGAGE,80000.0,2014-07-01,Fully Paid,home_improvement,CO,665.0,669.0,21930.75,17350.0,4580.75,2016-01-01
70916852,12000.0, 36 months,9.16,382.5,B,B2,3 years,MORTGAGE,48000.0,2016-02-01,Fully Paid,credit_card,IL,660.0,664.0,12360.1438055969,12000.0,360.14,2016-11-01
3300412,15000.0, 36 months,18.75,547.95,D,D3,7 years,MORTGAGE,42000.0,2013-02-01,Fully Paid,other,PA,690.0,694.0,19726.0162774019,15000.0,4726.02,2016-02-01
75849329,12000.0, 36 months,11.99,398.52,C,C1,3 years,MORTGAGE,45000.0,2016-03-01,Fully Paid,other,AR,685.0,689.0,13002.7978299031,12000.0,1002.8,2017-06-01
32228232,8000.0, 36 months,7.69,249.55,A,A4,Unknown,OWN,31525.0,2014-11-01,Fully Paid,credit_card,WI,670.0,674.0,8976.8965245621,8000.0,976.9,2017-11-01
5845097,10000.0, 36 months,13.68,340.23,C,C1,10+ years,MORTGAGE,60000.0,2013-07-01,Fully Paid,home_improvement,CA,680.0,684.0,12064.77,10000.0,2064.77,2015-09-01
76331622,22000.0, 36 months,5.32,662.53,A,A1,9 years,OWN,160000.0,2016-04-01,Fully Paid,debt_consolidation,FL,740.0,744.0,22715.869939279703,22000.0,715.87,2016-12-01
54087162,3200.0, 36 months,9.99,103.24,B,B3,2 years,RENT,15000.0,2015-07-01,Fully Paid,debt_consolidation,MO,680.0,684.0,3724.1436958319,3200.0,524.14,2018-08-01
67357016,8800.0, 36 months,7.26,272.77,A,A4,10+ years,RENT,45000.0,2015-12-01,Fully Paid,debt_consolidation,NC,790.0,794.0,9575.1199168421,8800.0,775.12,2017-07-01
94606990,6000.0, 36 months,11.39,197.55,B,B3,1 year,OWN,38800.0,2016-12-01,Fully Paid,home_improvement,MS,660.0,664.0,6614.3546873753,6000.0,614.35,2018-01-01
6926151,10000.0, 60 months,23.5,284.79,F,F1,6 years,MORTGAGE,45000.0,2013-09-01,Fully Paid,wedding,MI,685.0,689.0,13185.51,10000.0,3185.51,2015-02-01
117873815,8000.0, 36 months,11.99,265.68,B,B5,10+ years,MORTGAGE,104000.0,2017-08-01,Fully Paid,debt_consolidation,CA,675.0,679.0,8969.9340506395,8000.0,969.93,2018-11-01
7446716,8000.0, 36 months,14.3,274.59,C,C1,10+ years,RENT,64000.0,2013-09-01,Fully Paid,other,AZ,710.0,714.0,8997.2613195734,8000.0,997.26,2014-09-01
93279655,5800.0, 36 months,15.99,203.89,C,C5,2 years,MORTGAGE,43000.0,2016-12-01,Fully Paid,debt_consolidation,TX,715.0,719.0,6561.019203104301,5800.0,761.02,2017-11-01
43145858,10000.0, 36 months,6.68,307.31,A,A3,10+ years,RENT,50000.0,2015-03-01,Fully Paid,credit_card,CA,660.0,664.0,11055.7393192116,10000.0,1055.74,2018-03-01
119982162,12000.0, 60 months,20.0,317.93,D,D4,10+ years,RENT,68000.0,2017-09-01,Charged Off,credit_card,AZ,670.0,674.0,3511.37,737.52,1163.2,2018-04-01
56699329,11000.0, 36 months,8.18,345.62,B,B1,Unknown,MORTGAGE,55000.0,2015-08-01,Fully Paid,credit_card,NV,675.0,679.0,11893.89,11000.0,893.89,2016-10-01
59531757,35000.0, 60 months,16.99,869.66,D,D3,10+ years,MORTGAGE,111971.0,2015-09-01,Fully Paid,debt_consolidation,CO,660.0,664.0,37718.76,35000.0,2718.76,2016-02-01
13096364,32100.0, 60 months,16.29,785.57,D,D2,7 years,OWN,70000.0,2014-07-01,Fully Paid,debt_consolidation,TX,700.0,704.0,43458.6396352363,32100.0,11358.64,2017-03-01
34954599,26000.0, 60 months,10.49,558.72,B,B3,< 1 year,MORTGAGE,72171.0,2014-11-01,Charged Off,credit_card,CA,715.0,719.0,6061.02,1003.03,642.83,2015-02-01
91642084,30000.0, 36 months,21.49,1137.82,D,D5,10+ years,MORTGAGE,125000.0,2016-11-01,Fully Paid,debt_consolidation,TN,660.0,664.0,39849.6212333184,30000.0,9849.62,2019-01-01
96736261,16800.0, 60 months,22.74,471.1,E,E1,10+ years,RENT,60000.0,2017-01-01,Charged Off,debt_consolidation,NE,680.0,684.0,5497.45,838.15,2455.13,2017-10-01
13015829,21000.0, 60 months,18.92,543.83,D,D4,1 year,OWN,65000.0,2014-04-01,Charged Off,credit_card,IL,680.0,684.0,14236.63,6758.58,7478.05,2016-07-01
100246335,5000.0, 36 months,13.99,170.87,C,C3,8 years,RENT,25005.0,2017-03-01,Charged Off,car,IN,675.0,679.0,1026.9,695.47,331.43,2017-09-01
46630250,9600.0, 36 months,10.99,314.25,B,B4,7 years,MORTGAGE,70000.0,2015-04-01,Fully Paid,debt_consolidation,TX,690.0,694.0,11301.119842387,9600.0,1701.12,2018-04-01
48605275,21000.0, 36 months,6.92,647.66,A,A4,10+ years,MORTGAGE,107000.0,2015-05-01,Fully Paid,credit_card,NJ,665.0,669.0,22518.33,21000.0,1518.33,2016-08-01
121935110,15000.0, 36 months,7.07,463.64,A,A2,3 years,RENT,150000.0,2017-10-01,Fully Paid,debt_consolidation,NY,735.0,739.0,16093.1552863171,15000.0,1093.16,2019-02-01
1077051,4800.0, 36 months,7.9,150.2,A,A4,10+ years,RENT,50004.0,2012-01-01,Fully Paid,wedding,CA,725.0,729.0,5363.4977816172,4800.0,563.5,2014-04-01
60475758,12000.0, 60 months,15.61,289.34,D,D1,10+ years,MORTGAGE,82000.0,2015-10-01,Fully Paid,debt_consolidation,CO,675.0,679.0,15537.5479203678,12000.0,3537.55,2018-01-01
59119255,24000.0, 60 months,14.65,566.56,C,C5,6 years,RENT,102932.0,2015-09-01,Fully Paid,debt_consolidation,VA,670.0,674.0,29153.061156261403,24000.0,5153.06,2017-05-01
10577597,9600.0, 36 months,11.99,318.82,B,B3,10+ years,MORTGAGE,60000.0,2014-01-01,Fully Paid,credit_card,FL,705.0,709.0,11383.8300069615,9600.0,1783.83,2016-05-01
1623584,17050.0, 36 months,17.27,610.18,C,C5,10+ years,MORTGAGE,39103.37,2012-10-01,Fully Paid,debt_consolidation,FL,680.0,684.0,21966.1323358684,17050.0,4916.13,2015-10-01
108063613,7200.0, 36 months,21.45,272.93,D,D5,2 years,OWN,20000.0,2017-05-01,Fully Paid,credit_card,TX,670.0,674.0,7234.3200000066,7200.0,34.32,2017-06-01
107056383,5100.0, 36 months,11.44,168.04,B,B4,< 1 year,MORTGAGE,25000.0,2017-05-01,Fully Paid,debt_consolidation,NC,700.0,704.0,5754.0586539584,5100.0,654.06,2018-09-01
2827638,18000.0, 36 months,13.11,607.45,B,B4,2 years,MORTGAGE,54000.0,2013-01-01,Fully Paid,debt_consolidation,NY,670.0,674.0,21841.2400119027,18000.0,3841.24,2015-10-01
79031912,23800.0, 36 months,13.67,809.62,C,C3,Unknown,RENT,62000.0,2016-05-01,Charged Off,debt_consolidation,CA,695.0,699.0,6213.93,2754.54,1275.49,2016-10-01
123952205,18000.0, 60 months,15.05,428.7,C,C4,6 years,RENT,53000.0,2017-11-01,Fully Paid,credit_card,OK,665.0,669.0,20274.6585917808,18000.0,2274.66,2018-12-01
126162579,18000.0, 60 months,23.88,516.58,E,E2,4 years,MORTGAGE,92000.0,2017-12-01,Fully Paid,debt_consolidation,MS,695.0,699.0,19636.680767508,18000.0,1636.68,2018-05-01
8945005,20000.0, 60 months,10.99,434.75,B,B2,2 years,MORTGAGE,65000.0,2013-11-01,Fully Paid,debt_consolidation,VA,775.0,779.0,26084.8987474104,20000.0,6084.9,2018-11-01
6189625,5000.0, 36 months,19.52,184.6,D,D4,7 years,MORTGAGE,75633.0,2013-08-01,Fully Paid,small_business,FL,665.0,669.0,6351.222038671601,5000.0,1351.22,2015-11-01
98177392,24000.0, 36 months,14.99,831.86,C,C4,10+ years,MORTGAGE,95000.0,2017-02-01,Fully Paid,debt_consolidation,DE,695.0,699.0,28303.109739095897,24000.0,4303.11,2018-08-01
38600362,20000.0, 36 months,6.99,617.46,A,A3,6 years,RENT,150000.0,2015-01-01,Charged Off,debt_consolidation,FL,665.0,669.0,13839.25,11156.16,1810.76,2016-10-01
3214784,11200.0, 36 months,10.16,362.24,B,B1,10+ years,MORTGAGE,111000.0,2013-02-01,Fully Paid,debt_consolidation,TX,700.0,704.0,12689.4038609257,11200.0,1489.4,2014-11-01
59013702,22875.0, 60 months,16.99,568.38,D,D3,9 years,MORTGAGE,52000.0,2015-08-01,Fully Paid,debt_consolidation,NC,700.0,704.0,27220.5600122273,22875.0,4345.56,2016-11-01
45404438,25000.0, 36 months,11.53,824.76,B,B5,4 years,MORTGAGE,127000.0,2015-04-01,Fully Paid,debt_consolidation,CO,680.0,684.0,26970.35,25000.0,1970.35,2016-01-01
72235584,8000.0, 36 months,18.99,293.21,D,D4,4 years,RENT,74000.0,2016-02-01,Fully Paid,moving,TX,675.0,679.0,9937.7267743713,8000.0,1937.73,2017-09-01
124985124,13000.0, 36 months,7.97,407.2,A,A5,Unknown,RENT,42000.0,2017-11-01,Fully Paid,debt_consolidation,NC,695.0,699.0,13568.9684377097,13000.0,568.97,2018-07-01
66456002,4650.0, 36 months,17.57,167.11,D,D4,5 years,OWN,14580.0,2015-12-01,Fully Paid,debt_consolidation,NV,700.0,704.0,5458.6429068233,4650.0,808.64,2017-01-01
95149273,21000.0, 60 months,17.99,533.15,D,D2,1 year,RENT,90000.0,2016-12-01,Charged Off,debt_consolidation,MN,690.0,694.0,7031.9,2315.33,4716.57,2018-05-01
125962634,35000.0, 36 months,16.02,1230.85,C,C5,4 years,OWN,140000.0,2017-12-01,Charged Off,other,MD,670.0,674.0,9381.7,3116.11,1776.14,2018-05-01
96272376,12000.0, 60 months,15.99,291.76,C,C5,1 year,RENT,83000.0,2017-01-01,Fully Paid,debt_consolidation,CA,670.0,674.0,14177.1171106274,12000.0,2177.12,2018-03-01
33381648,9500.0, 36 months,15.61,332.17,D,D1,9 years,MORTGAGE,70000.0,2014-11-01,Fully Paid,debt_consolidation,CA,665.0,669.0,11782.9719922942,9500.0,2282.97,2017-03-01
71098358,8000.0, 36 months,9.75,257.2,B,B3,< 1 year,MORTGAGE,88000.0,2016-03-01,Charged Off,house,OH,710.0,714.0,1648.05,581.3,361.97,2016-09-01
55158793,12000.0, 60 months,15.61,289.34,D,D1,10+ years,MORTGAGE,100000.0,2015-07-01,Charged Off,debt_consolidation,CA,700.0,704.0,3660.21,1110.59,1483.06,2016-05-01
10776644,12000.0, 36 months,11.99,398.52,B,B3,Unknown,MORTGAGE,41300.0,2014-01-01,Charged Off,debt_consolidation,IL,680.0,684.0,1195.56,844.22,351.31,2014-05-01
74583655,4100.0, 36 months,25.88,164.93,F,F4,< 1 year,RENT,20000.0,2016-03-01,Fully Paid,credit_card,CA,695.0,699.0,4416.8100008458005,4100.0,316.81,2016-07-01
988536,8400.0, 36 months,7.51,261.34,A,A3,8 years,MORTGAGE,27600.0,2011-10-01,Fully Paid,debt_consolidation,NC,725.0,729.0,9398.1652794494,8400.0,998.17,2014-08-01
34933219,2800.0, 36 months,10.49,91.0,B,B3,10+ years,MORTGAGE,41000.0,2014-11-01,Fully Paid,debt_consolidation,SC,685.0,689.0,2968.55,2800.0,168.55,2015-06-01
5636319,21000.0, 60 months,16.29,513.93,C,C4,10+ years,MORTGAGE,110000.0,2013-06-01,Fully Paid,debt_consolidation,NY,680.0,684.0,30834.942350127203,21000.0,9834.94,2018-06-01
94329039,6050.0, 36 months,19.99,224.81,D,D4,Unknown,OWN,22500.0,2016-12-01,Charged Off,moving,NC,795.0,799.0,2280.35,912.8,647.43,2017-07-01
65854979,6000.0, 36 months,11.99,199.26,C,C1,8 years,RENT,35000.0,2015-12-01,Fully Paid,credit_card,NY,670.0,674.0,7175.4908715514,6000.0,1175.49,2018-12-01
88188906,10800.0, 36 months,8.99,343.39,B,B1,10+ years,RENT,66000.0,2016-09-01,Fully Paid,debt_consolidation,MN,715.0,719.0,11577.8964815252,10800.0,777.9,2017-08-01
118036808,12000.0, 36 months,26.3,485.41,E,E5,5 years,RENT,45000.0,2017-09-01,Fully Paid,car,TX,670.0,674.0,13039.3618713427,12000.0,1039.36,2018-01-01
822138,6950.0, 60 months,10.99,151.08,B,B3,5 years,MORTGAGE,35004.0,2011-07-01,Charged Off,debt_consolidation,IL,715.0,719.0,3928.08,2541.0,1367.84,2013-10-01
723817,6250.0, 36 months,14.91,216.39,D,D2,4 years,OWN,85000.0,2011-04-01,Fully Paid,home_improvement,CO,730.0,734.0,7560.062149818401,6250.0,1310.06,2013-04-01
28392556,24925.0, 60 months,19.52,653.73,E,E2,10+ years,MORTGAGE,65000.0,2014-10-01,Fully Paid,debt_consolidation,SC,670.0,674.0,37597.167018647,24925.0,12672.17,2018-04-01
8355762,9000.0, 36 months,9.99,290.37,B,B1,< 1 year,MORTGAGE,50000.0,2013-11-01,Fully Paid,debt_consolidation,CT,685.0,689.0,10105.7300026568,9000.0,1105.73,2015-06-01
69544927,5000.0, 36 months,9.17,159.4,B,B2,1 year,RENT,85000.0,2016-01-01,Fully Paid,debt_consolidation,CO,665.0,669.0,5681.6194183191,5000.0,651.62,2018-07-01
60515759,15000.0, 36 months,13.33,507.8,C,C3,5 years,OWN,50000.0,2015-09-01,Charged Off,debt_consolidation,TX,660.0,664.0,6317.48,3212.48,1898.69,2016-11-01
91714515,3700.0, 36 months,12.74,124.21,C,C1,1 year,OWN,39468.0,2016-10-01,Fully Paid,credit_card,AL,690.0,694.0,4164.316733497,3700.0,464.32,2018-01-01
36039306,15000.0, 36 months,6.99,463.09,A,A3,8 years,MORTGAGE,80000.0,2014-12-01,Fully Paid,debt_consolidation,TX,730.0,734.0,16662.415109603,15000.0,1662.42,2018-01-01
60487748,20000.0, 60 months,15.61,482.23,D,D1,8 years,MORTGAGE,87000.0,2015-10-01,Charged Off,debt_consolidation,CA,660.0,664.0,14308.69,6815.94,5687.35,2017-12-01
41161475,17000.0, 36 months,12.69,570.27,C,C2,10+ years,RENT,60000.0,2015-02-01,Fully Paid,debt_consolidation,CA,660.0,664.0,19100.4700020425,17000.0,2100.47,2016-03-01
80628150,22000.0, 60 months,10.75,475.6,B,B4,10+ years,MORTGAGE,140000.0,2016-06-01,Fully Paid,debt_consolidation,MA,775.0,779.0,25432.7454897304,22000.0,3432.75,2018-02-01
46466378,8000.0, 36 months,12.29,266.83,C,C1,5 years,RENT,38666.0,2015-04-01,Fully Paid,debt_consolidation,CA,660.0,664.0,9600.1568414287,8000.0,1600.16,2018-04-01
10607245,15350.0, 36 months,18.25,556.87,D,D3,8 years,OWN,42648.0,2014-01-01,Fully Paid,debt_consolidation,CA,665.0,669.0,19747.6800044528,15350.0,4397.68,2016-05-01
21210468,25000.0, 36 months,9.17,796.98,B,B1,8 years,OWN,108000.0,2014-07-01,Fully Paid,debt_consolidation,NV,740.0,744.0,28635.7877655262,25000.0,3635.79,2017-03-01
17964402,14000.0, 60 months,13.35,321.06,C,C2,10+ years,MORTGAGE,180000.0,2014-06-01,Fully Paid,debt_consolidation,AZ,660.0,664.0,18012.933163165602,14000.0,4012.93,2017-02-01
57236832,18000.0, 60 months,13.99,418.74,C,C4,9 years,MORTGAGE,72000.0,2015-08-01,Charged Off,debt_consolidation,FL,690.0,694.0,2987.98,208.89,195.86,2015-09-01
76304614,8000.0, 36 months,12.99,269.52,C,C2,2 years,OWN,37500.0,2016-04-01,Fully Paid,major_purchase,AL,685.0,689.0,9695.2060107355,8000.0,1695.21,2019-03-01
28723907,6000.0, 36 months,15.61,209.79,D,D1,10+ years,MORTGAGE,53500.0,2014-10-01,Fully Paid,credit_card,CT,675.0,679.0,7332.38,6000.0,1332.38,2016-09-01
22882585,6000.0, 36 months,11.67,198.35,B,B4,3 years,RENT,84000.0,2014-07-01,Charged Off,debt_consolidation,IL,680.0,684.0,5889.41,4664.36,1087.79,2017-01-01
7706182,20000.0, 36 months,10.99,654.68,B,B2,2 years,MORTGAGE,93000.0,2013-10-01,Fully Paid,debt_consolidation,OH,730.0,734.0,23348.739999999103,20000.0,3348.74,2016-01-01
12408769,12350.0, 60 months,18.92,319.83,D,D4,9 years,MORTGAGE,130000.0,2014-03-01,Fully Paid,debt_consolidation,TX,665.0,669.0,19189.051333226,12350.0,6839.05,2019-03-01
65994385,9600.0, 36 months,14.48,330.35,C,C5,8 years,MORTGAGE,50000.0,2015-11-01,Charged Off,credit_card,MO,690.0,694.0,5432.99,3245.41,1360.18,2017-02-01
1106986,12000.0, 36 months,12.69,402.54,B,B5,10+ years,MORTGAGE,42000.0,2012-01-01,Fully Paid,debt_consolidation,AZ,690.0,694.0,14375.8493852161,12000.0,2375.85,2014-07-01
75150312,28000.0, 36 months,6.49,858.05,A,A2,10+ years,RENT,75000.0,2016-03-01,Charged Off,debt_consolidation,CA,765.0,769.0,7461.34,4297.44,830.67,2016-10-01
126701374,40000.0, 36 months,9.44,1280.2,B,B1,7 years,MORTGAGE,145000.0,2018-01-01,Charged Off,home_improvement,TX,680.0,684.0,12340.0,5908.34,1751.88,2018-07-01
54938860,24000.0, 36 months,8.18,754.07,B,B1,2 years,RENT,95000.0,2015-07-01,Fully Paid,credit_card,CO,675.0,679.0,26211.9187513391,24000.0,2211.92,2017-05-01
110780734,1500.0, 36 months,16.02,52.76,C,C5,5 years,OWN,30000.0,2017-06-01,Fully Paid,other,MN,675.0,679.0,1671.3768327703,1500.0,171.38,2018-03-01
38557797,10000.0, 36 months,12.99,336.9,C,C2,10+ years,MORTGAGE,110000.0,2015-01-01,Fully Paid,debt_consolidation,MD,675.0,679.0,12182.6749185416,10000.0,2148.97,2018-02-01
9047392,10000.0, 36 months,12.99,336.9,B,B4,Unknown,MORTGAGE,85000.0,2013-12-01,Fully Paid,credit_card,CA,695.0,699.0,11929.5899999999,10000.0,1929.59,2016-02-01
14558684,1575.0, 36 months,12.99,53.07,C,C1,10+ years,OWN,30000.0,2014-05-01,Fully Paid,other,WI,680.0,684.0,1905.7561264984,1575.0,330.76,2017-01-01
12345820,16100.0, 36 months,15.31,560.56,C,C4,8 years,RENT,62000.0,2014-02-01,Fully Paid,debt_consolidation,OH,670.0,674.0,17613.1121156153,16100.0,1513.11,2014-10-01
43946405,7000.0, 36 months,6.92,215.89,A,A4,10+ years,RENT,70000.0,2015-04-01,Fully Paid,debt_consolidation,UT,670.0,674.0,7769.099911433001,7000.0,769.1,2018-04-01
36231858,7500.0, 36 months,8.19,235.69,A,A5,1 year,MORTGAGE,160000.0,2014-12-01,Fully Paid,debt_consolidation,CA,705.0,709.0,8480.09390818,7500.0,980.09,2017-11-01
21010528,6400.0, 36 months,10.15,206.97,B,B2,< 1 year,MORTGAGE,60000.0,2014-07-01,Fully Paid,credit_card,SD,665.0,669.0,7450.5433534337,6400.0,1050.54,2017-07-01
63457731,20000.0, 36 months,8.18,628.39,B,B1,10+ years,RENT,100000.0,2015-10-01,Fully Paid,debt_consolidation,HI,675.0,679.0,21761.9707960966,20000.0,1761.97,2017-03-01
129268008,24000.0, 60 months,23.87,688.63,E,E2,10+ years,OWN,55000.0,2018-03-01,Fully Paid,credit_card,WA,725.0,729.0,29090.5095680608,24000.0,5090.51,2019-02-01
88832968,7025.0, 36 months,11.49,231.63,B,B5,Unknown,MORTGAGE,44172.0,2016-09-01,Charged Off,debt_consolidation,MI,660.0,664.0,2820.22,1537.23,542.96,2017-06-01
18685702,20000.0, 36 months,14.49,688.33,C,C4,3 years,RENT,74000.0,2014-06-01,Fully Paid,debt_consolidation,VA,660.0,664.0,24849.7940556616,20000.0,4815.37,2017-07-01
33181268,3875.0, 36 months,11.44,127.68,B,B4,Unknown,RENT,18330.0,2014-11-01,Charged Off,debt_consolidation,LA,720.0,724.0,3443.13,2663.0,654.22,2017-01-01
59481700,15350.0, 36 months,12.69,514.92,C,C2,4 years,RENT,46125.75,2015-09-01,Fully Paid,credit_card,CA,660.0,664.0,17841.0397851233,15350.0,2491.04,2017-05-01
37610209,30000.0, 36 months,12.39,1002.03,C,C1,4 years,MORTGAGE,200000.0,2014-12-01,Fully Paid,debt_consolidation,FL,695.0,699.0,36031.6361302587,30000.0,6031.64,2017-12-01
54313135,27200.0, 36 months,7.89,850.97,A,A5,10+ years,MORTGAGE,250000.0,2015-07-01,Fully Paid,debt_consolidation,OR,725.0,729.0,30695.9923537798,27200.0,3495.99,2018-07-01
124894346,35000.0, 60 months,25.82,1044.19,E,E4,5 years,MORTGAGE,135000.0,2017-11-01,Charged Off,medical,OH,670.0,674.0,10485.57,3203.79,7281.78,2018-10-01
39530139,15000.0, 36 months,12.99,505.34,C,C2,10+ years,RENT,103000.0,2015-01-01,Charged Off,debt_consolidation,TX,670.0,674.0,6636.42,2849.95,1165.71,2015-09-01
79672302,11200.0, 36 months,24.99,445.26,E,E5,2 years,RENT,35000.0,2016-05-01,Fully Paid,debt_consolidation,NY,705.0,709.0,11425.4700026537,11200.0,225.47,2016-06-01
50557653,25600.0, 60 months,17.86,648.13,D,D5,10+ years,RENT,75000.0,2015-06-01,Charged Off,debt_consolidation,MO,685.0,689.0,22716.7,8007.98,8283.72,2017-12-01
1684544,12000.0, 36 months,10.16,388.11,B,B1,1 year,RENT,70000.0,2012-11-01,Fully Paid,credit_card,TX,705.0,709.0,13126.5871815314,12000.0,1126.59,2013-12-01
49116669,10000.0, 36 months,8.18,314.2,B,B1,4 years,RENT,50000.0,2015-05-01,Fully Paid,credit_card,IL,700.0,704.0,11299.6243328579,10000.0,1299.62,2018-05-01
89997450,16000.0, 60 months,22.39,445.46,E,E1,10+ years,MORTGAGE,76000.0,2016-09-01,Fully Paid,debt_consolidation,PA,675.0,679.0,16534.99,16000.0,534.99,2016-10-01
10168742,30000.0, 36 months,14.47,1032.2,C,C2,10+ years,MORTGAGE,120000.0,2013-12-01,Fully Paid,debt_consolidation,TX,700.0,704.0,34630.91,30000.0,4630.91,2015-04-01
113850207,18000.0, 60 months,12.62,406.07,C,C1,< 1 year,MORTGAGE,75000.0,2017-08-01,Fully Paid,debt_consolidation,AZ,695.0,699.0,19010.7395211642,18000.0,1010.74,2018-01-01
65876248,30000.0, 36 months,6.24,915.93,A,A2,< 1 year,MORTGAGE,72000.0,2015-12-01,Fully Paid,debt_consolidation,WA,740.0,744.0,30787.5000011594,30000.0,787.5,2016-05-01
98103487,4000.0, 36 months,13.99,136.7,C,C3,10+ years,RENT,65000.0,2017-02-01,Fully Paid,debt_consolidation,GA,670.0,674.0,4721.5800000136,4000.0,721.58,2018-10-01
46427854,15000.0, 36 months,17.57,539.06,D,D4,1 year,RENT,55000.0,2015-04-01,Charged Off,other,CA,660.0,664.0,4650.86,1644.64,1036.02,2015-09-01
65816071,15000.0, 36 months,12.05,498.58,C,C1,6 years,MORTGAGE,59900.0,2015-11-01,Fully Paid,debt_consolidation,OR,660.0,664.0,17773.3019659849,15000.0,2773.3,2018-03-01
15530877,3000.0, 36 months,15.31,104.46,C,C4,10+ years,MORTGAGE,63000.0,2014-05-01,Fully Paid,home_improvement,TX,660.0,664.0,3679.66,3000.0,679.66,2016-06-01
57672723,6000.0, 36 months,7.89,187.72,A,A5,6 years,RENT,62000.0,2015-08-01,Charged Off,credit_card,NJ,680.0,684.0,4517.27,3791.76,725.51,2017-09-01
79763452,5000.0, 36 months,9.75,160.75,B,B3,10+ years,RENT,102000.0,2016-06-01,Fully Paid,debt_consolidation,NJ,665.0,669.0,5609.116513761999,5000.0,609.12,2018-11-01
646636,7000.0, 36 months,6.54,214.68,A,A4,6 years,MORTGAGE,57000.0,2011-01-01,Fully Paid,home_improvement,GA,730.0,734.0,7728.3401196452,7000.0,728.34,2014-01-01
43135284,10000.0, 36 months,7.89,312.86,A,A5,10+ years,MORTGAGE,78000.0,2015-03-01,Fully Paid,debt_consolidation,IL,670.0,674.0,11258.4363744083,10000.0,1258.44,2018-03-01
73141449,2075.0, 36 months,16.29,73.25,D,D1,10+ years,MORTGAGE,35000.0,2016-03-01,Fully Paid,other,OR,665.0,669.0,2635.0406864084,2075.0,560.04,2019-03-01
65905236,14000.0, 60 months,19.99,370.84,E,E4,10+ years,MORTGAGE,120000.0,2015-12-01,Fully Paid,medical,MN,690.0,694.0,14623.85,14000.0,623.85,2016-02-01
12397834,10000.0, 36 months,14.49,344.17,C,C4,10+ years,MORTGAGE,54000.0,2014-07-01,Charged Off,debt_consolidation,NY,670.0,674.0,3767.83,1864.75,888.61,2015-03-01
33631589,15000.0, 36 months,11.44,494.22,B,B4,10+ years,MORTGAGE,50000.0,2014-11-01,Fully Paid,debt_consolidation,TN,680.0,684.0,17775.0234789617,15000.0,2775.02,2017-09-01
6264938,15000.0, 36 months,9.71,481.97,B,B1,10+ years,MORTGAGE,69000.0,2013-08-01,Fully Paid,credit_card,CA,705.0,709.0,17136.3000132406,15000.0,2136.3,2015-09-01
11755106,35000.0, 60 months,21.18,950.42,E,E3,8 years,MORTGAGE,250000.0,2014-02-01,Charged Off,debt_consolidation,TX,690.0,694.0,39645.37,18425.72,18828.7,2017-06-01
55909123,17625.0, 60 months,17.86,446.22,D,D5,1 year,OWN,49000.0,2015-08-01,Fully Paid,debt_consolidation,WV,675.0,679.0,24196.337392961403,17625.0,6571.34,2018-03-01
62744549,20000.0, 60 months,16.99,496.95,D,D3,1 year,MORTGAGE,58000.0,2015-10-01,Fully Paid,credit_card,IN,670.0,674.0,25275.2219093088,20000.0,5275.22,2017-07-01
5776135,8500.0, 36 months,12.12,282.81,B,B3,10+ years,MORTGAGE,43000.0,2013-06-01,Fully Paid,debt_consolidation,NJ,705.0,709.0,9331.5556378212,8500.0,831.56,2014-05-01
36920253,5375.0, 36 months,14.31,184.52,C,C4,1 year,OWN,15000.0,2014-12-01,Fully Paid,debt_consolidation,FL,710.0,714.0,6633.671053653001,5375.0,1258.67,2017-10-01
44723323,18000.0, 60 months,12.29,403.05,C,C1,10+ years,MORTGAGE,85000.0,2015-04-01,Charged Off,credit_card,AL,690.0,694.0,10926.08,5638.46,3668.79,2017-03-01
107600160,30000.0, 36 months,18.99,1099.53,D,D3,10+ years,MORTGAGE,475000.0,2017-05-01,Fully Paid,debt_consolidation,NC,690.0,694.0,31585.0904575632,30000.0,1585.09,2017-08-01
115617878,19000.0, 60 months,16.02,462.25,C,C5,2 years,MORTGAGE,70000.0,2017-08-01,Fully Paid,debt_consolidation,MI,690.0,694.0,20604.1212220147,19000.0,1604.12,2018-04-01
77971135,3200.0, 36 months,11.47,105.48,B,B5,3 years,RENT,29000.0,2016-06-01,Fully Paid,vacation,GA,680.0,684.0,3406.7217986442,3200.0,206.72,2017-02-01
39480456,30000.0, 36 months,6.99,926.18,A,A3,5 years,MORTGAGE,212000.0,2015-01-01,Fully Paid,credit_card,IL,690.0,694.0,33313.190219221004,30000.0,3313.19,2018-01-01
42395030,6000.0, 36 months,13.99,205.04,C,C4,1 year,RENT,65000.0,2015-03-01,Fully Paid,debt_consolidation,CA,675.0,679.0,7257.0634559712,6000.0,1257.06,2017-05-01
54485725,15400.0, 36 months,13.99,526.27,C,C4,10+ years,MORTGAGE,35000.0,2015-07-01,Fully Paid,debt_consolidation,AZ,665.0,669.0,18921.367153708,15400.0,3521.37,2018-07-01
132888750,9000.0, 36 months,10.41,292.15,B,B3,2 years,MORTGAGE,36000.0,2018-05-01,Charged Off,debt_consolidation,KY,755.0,759.0,1678.71,151.01,328.79,2018-11-01
31157403,15000.0, 60 months,18.24,382.87,D,D5,10+ years,RENT,50000.0,2014-10-01,Fully Paid,debt_consolidation,CA,690.0,694.0,15875.18,15000.0,875.18,2015-01-01
95206625,15000.0, 60 months,13.99,348.95,C,C3,Unknown,MORTGAGE,57312.0,2016-12-01,Charged Off,debt_consolidation,IN,705.0,709.0,7869.61,3464.03,2793.75,2018-06-01
28703160,12575.0, 36 months,8.39,396.33,A,A5,3 years,RENT,45000.0,2014-10-01,Fully Paid,credit_card,NY,675.0,679.0,13216.11,12575.0,641.11,2015-06-01
84444817,29900.0, 36 months,19.99,1111.04,D,D4,10+ years,RENT,65000.0,2016-07-01,Charged Off,debt_consolidation,CA,675.0,679.0,3179.71,0.0,0.0,
129437640,5400.0, 36 months,7.96,169.12,A,A5,10+ years,MORTGAGE,38556.0,2018-03-01,Fully Paid,debt_consolidation,NC,745.0,749.0,5681.9292436149,5400.0,281.93,2018-11-01
14568783,15625.0, 36 months,14.16,535.25,C,C2,10+ years,MORTGAGE,65000.0,2014-05-01,Fully Paid,debt_consolidation,NJ,670.0,674.0,18622.17,15625.0,2997.17,2016-02-01
13137026,17275.0, 60 months,17.57,434.65,D,D2,3 years,MORTGAGE,46800.0,2014-03-01,Charged Off,debt_consolidation,OH,710.0,714.0,9855.2,4511.37,5343.83,2016-04-01
68525548,3225.0, 36 months,24.24,126.94,F,F3,< 1 year,MORTGAGE,65000.0,2015-12-01,Charged Off,debt_consolidation,MO,680.0,684.0,2252.35,1153.0,867.18,2017-05-01
39260144,5900.0, 36 months,11.44,194.4,B,B4,6 years,RENT,39979.48,2015-01-01,Fully Paid,debt_consolidation,CA,665.0,669.0,6690.94,5900.0,790.94,2016-07-01
59190136,14000.0, 36 months,13.33,473.95,C,C3,8 years,RENT,92000.0,2015-09-01,Fully Paid,debt_consolidation,FL,660.0,664.0,17093.02536165,14000.0,3093.03,2018-10-01
12265416,24000.0, 36 months,15.31,835.62,C,C4,10+ years,MORTGAGE,82772.0,2014-02-01,Fully Paid,debt_consolidation,TX,665.0,669.0,29644.8333774602,24000.0,5644.83,2016-09-01
83706283,20000.0, 36 months,11.49,659.43,B,B5,6 years,RENT,70000.0,2016-06-01,Fully Paid,debt_consolidation,WA,660.0,664.0,22592.3813344036,20000.0,2592.38,2017-11-01
89794937,17000.0, 60 months,12.79,384.98,C,C1,6 years,MORTGAGE,89000.0,2016-09-01,Fully Paid,credit_card,MA,665.0,669.0,20963.8831680972,17000.0,3963.88,2018-11-01
20158275,10000.0, 36 months,13.98,341.68,C,C3,2 years,RENT,60800.0,2014-07-01,Fully Paid,debt_consolidation,IL,660.0,664.0,11289.83,10000.0,1289.83,2015-07-01
5646460,12000.0, 60 months,21.0,324.65,E,E2,2 years,MORTGAGE,35000.0,2013-06-01,Charged Off,debt_consolidation,SC,660.0,664.0,6008.01,1798.84,2740.26,2014-08-01
37620472,15000.0, 36 months,11.44,494.22,B,B4,7 years,MORTGAGE,72800.0,2014-12-01,Charged Off,credit_card,CA,665.0,669.0,8069.0,5634.82,1759.41,2016-03-01
65473089,16000.0, 36 months,8.18,502.72,B,B1,2 years,RENT,89000.0,2015-11-01,Fully Paid,debt_consolidation,CA,660.0,664.0,18090.304932537,16000.0,2090.3,2018-11-01
7058539,7400.0, 36 months,17.56,265.9,D,D1,5 years,RENT,66524.0,2013-09-01,Charged Off,debt_consolidation,MD,665.0,669.0,2504.91,980.47,614.13,2014-03-01
67605751,6000.0, 36 months,7.26,185.98,A,A4,7 years,MORTGAGE,400000.0,2015-12-01,Fully Paid,debt_consolidation,GA,740.0,744.0,6454.782566333,6000.0,454.78,2017-03-01
3293313,12000.0, 36 months,20.49,448.97,E,E1,1 year,RENT,70000.0,2013-02-01,Fully Paid,wedding,CA,670.0,674.0,16162.6575112469,12000.0,4162.66,2016-02-01
58563004,16800.0, 36 months,16.55,595.22,D,D2,1 year,MORTGAGE,40000.0,2015-08-01,Charged Off,credit_card,TN,710.0,714.0,13394.12,8306.63,3587.49,2017-05-01
70917635,28000.0, 60 months,9.16,583.42,B,B2,5 years,MORTGAGE,145000.0,2016-02-01,Fully Paid,credit_card,CA,715.0,719.0,32923.7637398118,28000.0,4923.76,2018-10-01
50316166,23000.0, 36 months,9.99,742.04,B,B3,10+ years,MORTGAGE,110000.0,2015-05-01,Fully Paid,credit_card,NY,695.0,699.0,26642.424137845497,23000.0,3642.42,2018-05-01
39591859,20000.0, 60 months,14.99,475.7,C,C5,10+ years,MORTGAGE,103500.0,2015-01-01,Charged Off,debt_consolidation,PA,705.0,709.0,19820.39,12424.9,7395.49,2018-06-01
85726913,7000.0, 36 months,11.49,230.8,B,B5,4 years,MORTGAGE,55000.0,2016-07-01,Fully Paid,debt_consolidation,IL,690.0,694.0,7980.046303090799,7000.0,980.05,2018-02-01
40990210,24000.0, 60 months,10.99,521.7,B,B4,1 year,RENT,105000.0,2015-02-01,Fully Paid,credit_card,NY,700.0,704.0,28686.927916126,24000.0,4686.93,2017-04-01
60416287,11000.0, 36 months,17.57,395.31,D,D4,< 1 year,RENT,55000.0,2015-09-01,Fully Paid,debt_consolidation,LA,670.0,674.0,11920.38,11000.0,920.38,2016-03-01
46324513,7900.0, 36 months,11.53,260.63,B,B5,10+ years,RENT,45000.0,2015-04-01,Charged Off,debt_consolidation,CA,695.0,699.0,5634.1,2544.85,838.28,2016-05-01
110357898,4000.0, 36 months,10.42,129.86,B,B3,2 years,MORTGAGE,72000.0,2017-06-01,Charged Off,credit_card,CA,735.0,739.0,1813.41,1409.62,403.79,2018-08-01
75983221,16000.0, 36 months,13.67,544.29,C,C3,10+ years,MORTGAGE,90000.0,2016-03-01,Fully Paid,debt_consolidation,IL,705.0,709.0,17695.8944740375,16000.0,1695.89,2017-03-01
7266928,11200.0, 60 months,21.7,307.43,E,E2,10+ years,RENT,65000.0,2013-09-01,Charged Off,major_purchase,FL,665.0,669.0,12891.62,5660.57,6020.62,2016-12-01
10925186,20000.0, 60 months,17.57,503.21,D,D2,3 years,MORTGAGE,255000.0,2014-02-01,Fully Paid,other,MD,760.0,764.0,25869.8000000122,20000.0,5869.8,2016-01-01
110673253,8000.0, 36 months,17.09,285.59,D,D1,3 years,MORTGAGE,110000.0,2017-06-01,Fully Paid,credit_card,CT,690.0,694.0,8799.3911967625,8000.0,799.39,2018-06-01
65373181,1450.0, 36 months,9.99,46.79,B,B3,1 year,RENT,90000.0,2015-11-01,Fully Paid,credit_card,CA,720.0,724.0,1662.3209408375,1450.0,212.32,2018-07-01
13287295,18300.0, 36 months,13.65,622.35,C,C1,< 1 year,RENT,50900.0,2014-04-01,Charged Off,debt_consolidation,CA,680.0,684.0,5238.1,1368.12,1577.78,2014-12-01
68892401,16000.0, 36 months,11.48,527.47,B,B5,7 years,RENT,125000.0,2016-01-01,Fully Paid,credit_card,CA,715.0,719.0,18664.0435604698,16000.0,2664.04,2018-02-01
58652845,24000.0, 60 months,13.99,558.32,C,C4,4 years,MORTGAGE,80000.0,2015-08-01,Fully Paid,debt_consolidation,MA,700.0,704.0,27833.69,24000.0,3833.69,2016-12-01
12485651,10200.0, 60 months,17.57,256.64,D,D2,10+ years,RENT,90000.0,2014-03-01,Charged Off,debt_consolidation,MA,685.0,689.0,11088.64,5970.65,4551.59,2017-08-01
40876968,30000.0, 60 months,25.89,896.27,G,G3,5 years,MORTGAGE,100807.24,2015-02-01,Fully Paid,home_improvement,MA,660.0,664.0,33551.01,30000.0,3551.01,2015-07-01
97554918,4850.0, 36 months,14.99,168.11,C,C4,Unknown,RENT,17566.0,2017-02-01,Fully Paid,debt_consolidation,GA,665.0,669.0,5695.4297165868,4850.0,845.43,2018-07-01
15389826,2100.0, 36 months,22.45,80.69,E,E5,Unknown,RENT,38280.0,2014-04-01,Fully Paid,other,FL,700.0,704.0,2627.86,2100.0,527.86,2015-09-01
83759918,10000.0, 36 months,9.49,320.29,B,B2,1 year,MORTGAGE,45000.0,2016-06-01,Fully Paid,small_business,WA,680.0,684.0,11079.9438910043,10000.0,1079.94,2018-01-01
126828413,18000.0, 36 months,12.62,603.21,C,C1,8 years,RENT,62000.0,2018-01-01,Fully Paid,credit_card,TX,660.0,664.0,19501.0379452456,18000.0,1501.04,2018-09-01
42141338,16800.0, 36 months,6.39,514.07,A,A2,< 1 year,OWN,57000.0,2015-03-01,Fully Paid,debt_consolidation,WI,690.0,694.0,18146.5800004899,16800.0,1346.58,2016-11-01
4788111,35000.0, 36 months,17.27,1252.56,C,C5,8 years,MORTGAGE,285000.0,2013-05-01,Charged Off,house,TX,675.0,679.0,17307.800000000007,9732.77,5297.95,2014-05-01
10136418,33950.0, 36 months,18.25,1231.64,D,D3,10+ years,MORTGAGE,74000.0,2013-12-01,Fully Paid,home_improvement,TN,745.0,749.0,41785.0799678949,33950.0,7835.08,2015-08-01
50283817,11000.0, 60 months,13.33,252.15,C,C3,4 years,RENT,52000.0,2015-05-01,Fully Paid,debt_consolidation,MN,675.0,679.0,12406.46,11000.0,1406.46,2016-06-01
50054928,19200.0, 36 months,8.18,603.26,B,B1,9 years,MORTGAGE,110000.0,2015-05-01,Fully Paid,debt_consolidation,CA,660.0,664.0,21750.6202294809,19200.0,2550.62,2018-06-01
22402480,25000.0, 60 months,19.52,655.69,E,E2,6 years,MORTGAGE,160000.0,2014-07-01,Charged Off,debt_consolidation,WY,685.0,689.0,17001.14,6879.19,8201.68,2016-07-01
50093535,13000.0, 36 months,7.89,406.72,A,A5,10+ years,RENT,35000.0,2015-05-01,Fully Paid,debt_consolidation,FL,690.0,694.0,14630.252349871002,13000.0,1630.25,2018-06-01
132024473,8000.0, 36 months,7.34,248.27,A,A4,10+ years,MORTGAGE,115000.0,2018-04-01,Fully Paid,debt_consolidation,OR,715.0,719.0,8141.7430717893,8000.0,141.74,2018-07-01
96240066,6000.0, 36 months,13.99,205.04,C,C3,10+ years,RENT,48860.0,2017-01-01,Charged Off,debt_consolidation,VA,675.0,679.0,3046.22,1729.17,719.65,2018-01-01
88896981,5000.0, 36 months,13.99,170.87,C,C3,4 years,OWN,49000.0,2016-09-01,Fully Paid,debt_consolidation,TX,660.0,664.0,5480.1953772024,5000.0,480.2,2017-05-01
103617828,12000.0, 36 months,8.24,377.37,B,B1,10+ years,MORTGAGE,133000.0,2017-03-01,Fully Paid,debt_consolidation,FL,665.0,669.0,12886.5306387633,12000.0,886.53,2018-04-01
28953554,5000.0, 36 months,12.99,168.45,C,C1,10+ years,MORTGAGE,20000.0,2014-10-01,Fully Paid,other,OH,680.0,684.0,6064.4896555079,5000.0,1064.49,2017-11-01
64872320,14400.0, 60 months,18.49,369.52,E,E2,2 years,MORTGAGE,35000.0,2015-11-01,Fully Paid,home_improvement,MN,665.0,669.0,15371.7000001187,14400.0,971.7,2016-03-01
69632294,10000.0, 36 months,7.49,311.02,A,A4,Unknown,MORTGAGE,24324.0,2016-01-01,Charged Off,home_improvement,TN,700.0,704.0,9039.76,7876.35,1163.41,2018-07-01
88282885,10000.0, 36 months,7.59,311.48,A,A3,Unknown,MORTGAGE,36000.0,2016-08-01,Fully Paid,credit_card,TX,785.0,789.0,10703.5813649367,10000.0,703.58,2017-10-01
38172144,15000.0, 36 months,11.44,494.22,B,B4,4 years,RENT,80000.0,2015-01-01,Fully Paid,debt_consolidation,CA,665.0,669.0,17606.0618905302,15000.0,2606.06,2017-04-01
884502,9600.0, 60 months,11.71,212.15,B,B3,10+ years,MORTGAGE,60000.0,2011-09-01,Charged Off,major_purchase,PA,750.0,754.0,1566.18,601.97,455.18,2012-03-01
49975052,23900.0, 36 months,18.55,870.66,E,E2,2 years,MORTGAGE,89000.0,2015-05-01,Charged Off,debt_consolidation,MD,680.0,684.0,22415.1,7155.62,4138.33,2016-07-01
127431022,26000.0, 60 months,25.82,775.69,E,E4,9 years,MORTGAGE,132900.0,2018-01-01,Fully Paid,debt_consolidation,CA,660.0,664.0,32682.479147846698,26000.0,6682.48,2019-02-01
16401768,30000.0, 60 months,14.49,705.7,C,C4,< 1 year,MORTGAGE,90000.0,2014-05-01,Fully Paid,credit_card,OH,700.0,704.0,38127.990004586296,30000.0,8127.99,2016-07-01
83699807,8200.0, 36 months,14.49,282.22,C,C4,7 years,MORTGAGE,73000.0,2016-06-01,Fully Paid,debt_consolidation,MA,660.0,664.0,9667.3899360534,8200.0,1467.39,2018-01-01
15610870,35000.0, 36 months,10.15,1131.82,B,B2,10+ years,MORTGAGE,380000.0,2014-07-01,Fully Paid,debt_consolidation,KY,710.0,714.0,40742.272192448,35000.0,5742.27,2017-06-01
7072309,10000.0, 36 months,18.25,362.78,D,D2,5 years,MORTGAGE,42000.0,2013-09-01,Fully Paid,debt_consolidation,CA,670.0,674.0,13060.0474491457,10000.0,3060.05,2016-09-01
2380909,25000.0, 36 months,14.33,858.46,C,C1,6 years,MORTGAGE,80000.0,2012-12-01,Fully Paid,debt_consolidation,CO,685.0,689.0,30904.254768772906,25000.0,5904.25,2015-12-01
91229317,9000.0, 36 months,12.79,302.34,C,C1,1 year,MORTGAGE,65000.0,2016-10-01,Fully Paid,debt_consolidation,AZ,695.0,699.0,9616.6914529447,9000.0,616.69,2017-04-01
4155769,23325.0, 60 months,13.11,532.03,B,B4,10+ years,MORTGAGE,84000.0,2013-04-01,Charged Off,debt_consolidation,PA,740.0,744.0,13878.33,5480.41,4094.73,2014-10-01
1267118,30750.0, 60 months,20.5,823.27,E,E2,1 year,RENT,78000.0,2012-05-01,Charged Off,debt_consolidation,NJ,720.0,724.0,21428.51,7855.99,10255.95,2014-05-01
39977210,6000.0, 36 months,10.49,194.99,B,B3,9 years,MORTGAGE,50000.0,2015-01-01,Fully Paid,debt_consolidation,OH,700.0,704.0,6765.5734782618,6000.0,765.57,2017-03-01
6527482,13150.0, 36 months,9.71,422.53,B,B1,10+ years,OWN,37000.0,2013-08-01,Fully Paid,credit_card,CO,690.0,694.0,14986.4600047679,13150.0,1836.46,2015-08-01
40267485,35000.0, 60 months,14.31,820.03,C,C4,6 years,MORTGAGE,172666.1,2015-01-01,Fully Paid,debt_consolidation,PA,665.0,669.0,45407.27782391231,35000.0,10366.28,2017-08-01
110650626,35000.0, 36 months,12.62,1172.9,C,C1,10+ years,RENT,80000.0,2017-06-01,Fully Paid,debt_consolidation,CA,690.0,694.0,39863.6950246915,35000.0,4863.7,2019-02-01
105121505,19275.0, 36 months,19.99,716.23,D,D4,5 years,MORTGAGE,49500.0,2017-04-01,Fully Paid,debt_consolidation,MI,720.0,724.0,22689.9833570408,19275.0,3414.98,2018-03-01
126101633,6000.0, 36 months,10.91,196.18,B,B4,10+ years,OWN,89000.0,2017-12-01,Fully Paid,other,GA,710.0,714.0,6268.2635228415,6000.0,268.26,2018-05-01
74112233,2500.0, 36 months,9.75,80.38,B,B3,8 years,RENT,89000.0,2016-03-01,Fully Paid,moving,CO,730.0,734.0,2702.9213898601,2500.0,202.92,2017-02-01
71727455,12000.0, 36 months,7.89,375.43,A,A5,10+ years,RENT,50000.0,2016-02-01,Fully Paid,debt_consolidation,UT,705.0,709.0,13512.5648733649,12000.0,1512.56,2019-02-01
46752255,30000.0, 36 months,9.17,956.37,B,B2,10+ years,MORTGAGE,165000.0,2015-04-01,Fully Paid,credit_card,TX,670.0,674.0,34057.7535534135,30000.0,4057.75,2017-06-01
54238567,12000.0, 36 months,7.26,371.96,A,A4,10+ years,MORTGAGE,72000.0,2015-07-01,Fully Paid,debt_consolidation,CA,760.0,764.0,13226.9086636617,12000.0,1226.91,2017-07-01
79091619,3925.0, 36 months,11.99,130.35,C,C1,10+ years,MORTGAGE,22000.0,2016-05-01,Fully Paid,debt_consolidation,TX,690.0,694.0,4510.0642395163,3925.0,585.06,2017-12-01
49178463,7000.0, 36 months,10.99,229.14,B,B4,10+ years,MORTGAGE,51666.0,2015-05-01,Fully Paid,debt_consolidation,PA,690.0,694.0,7984.1853753008,7000.0,984.19,2016-12-01
38427196,5000.0, 36 months,12.39,167.01,C,C1,10+ years,RENT,42000.0,2015-01-01,Fully Paid,debt_consolidation,NY,660.0,664.0,6012.224349679001,5000.0,1012.22,2018-02-01
74885528,12000.0, 60 months,15.31,287.44,C,C5,2 years,RENT,70500.0,2016-03-01,Charged Off,debt_consolidation,NY,710.0,714.0,7036.81,832.19,851.62,2016-09-01
71021745,33100.0, 60 months,22.45,922.68,E,E5,< 1 year,MORTGAGE,72000.0,2016-02-01,Fully Paid,debt_consolidation,WI,685.0,689.0,49002.33533017661,33100.0,15902.34,2018-08-01
